CRIM,ZN,INDUS,CHAS,NOX,RM,AGE,DIS,RAD,TAX,PTRATIO,B,LSTAT,MEDV
2.802,0.0,1.18,0,0.5,4.5,12.0,9.52,24,269,17.9,12.61,4.47,50.0
2.548,95.0,5.87,1,0.488,6.75,81.3,1.07,3,612,15.4,61.71,36.42,39.7
7.903,0.0,10.19,0,0.676,7.84,73.5,7.17,7,260,17.5,329.19,23.89,50.0
4.693,0.0,1.74,0,0.759,8.73,85.8,10.96,7,464,16.5,331.06,7.02,50.0
4.642,0.0,16.95,0,0.642,5.02,47.3,4.1,24,404,18.8,334.53,29.71,25.28
1.549,40.0,11.33,0,0.483,8.51,87.9,4.62,8,585,20.8,255.15,6.29,50.0
5.527,95.0,7.59,1,0.82,5.8,23.5,12.47,24,685,12.9,18.7,5.06,50.0
4.406,60.0,16.6,1,0.567,8.78,53.9,12.17,1,297,18.8,213.12,10.87,50.0
6.121,60.0,4.77,0,0.847,8.18,27.8,6.76,3,699,21.1,345.51,12.04,50.0
7.916,0.0,10.6,0,0.644,7.69,54.0,1.01,6,680,12.2,368.76,33.51,30.62
3.707,0.0,7.0,0,0.422,6.23,8.8,9.75,3,311,18.6,375.8,7.11,50.0
6.46,12.5,25.58,0,0.729,5.79,67.8,5.29,24,642,13.2,89.18,13.51,39.78
6.313,12.5,0.69,0,0.492,8.33,86.2,1.81,4,465,18.7,85.03,5.9,50.0
7.984,80.0,7.06,1,0.776,4.75,11.5,5.96,7,600,16.7,289.37,25.91,28.62
5.597,60.0,20.16,0,0.502,4.75,46.0,5.85,5,653,14.5,366.44,17.4,41.82
5.757,0.0,18.11,0,0.855,8.43,85.2,2.91,8,672,14.1,159.17,3.17,50.0
5.467,25.0,25.52,1,0.52,7.28,73.6,10.01,8,338,13.9,86.41,3.16,50.0
4.554,40.0,2.04,1,0.626,8.06,17.4,12.05,2,370,12.7,26.97,32.89,50.0
2.837,12.5,16.13,0,0.683,5.9,59.2,7.01,5,389,18.7,124.7,10.83,50.0
0.175,80.0,9.04,0,0.385,6.91,57.2,2.15,24,398,17.1,52.57,13.91,50.0
4.817,25.0,4.76,0,0.68,8.74,66.1,1.09,24,486,21.3,41.11,33.49,44.08
2.048,95.0,4.7,0,0.676,7.39,22.0,8.29,5,697,16.9,359.33,32.31,45.34
7.939,25.0,1.69,0,0.758,6.99,27.7,9.52,24,617,17.6,44.4,35.97,25.86
6.141,0.0,23.03,0,0.591,4.01,37.7,11.73,1,546,14.1,99.04,4.8,50.0
7.841,60.0,26.79,0,0.834,4.98,17.9,10.2,3,602,12.2,292.34,13.29,46.24
1.942,12.5,7.7,0,0.567,3.99,48.1,3.3,8,538,15.1,315.67,9.42,42.45
5.233,40.0,8.02,0,0.854,5.2,64.9,5.6,24,519,21.4,45.78,36.9,21.13
3.325,25.0,1.53,1,0.549,7.73,44.8,12.32,2,574,21.0,75.44,2.64,50.0
2.439,95.0,19.05,0,0.558,4.15,67.1,4.8,6,307,19.2,119.2,12.44,50.0
3.869,25.0,15.47,0,0.586,8.5,68.4,11.38,5,595,17.5,0.16,11.62,50.0
2.845,40.0,13.05,1,0.711,6.36,79.8,12.04,3,266,14.8,263.48,23.91,50.0
6.67,12.5,18.67,0,0.775,4.54,6.5,12.32,2,646,16.1,249.95,8.19,41.38
6.49,12.5,4.48,0,0.817,8.1,88.8,9.95,4,360,20.0,276.21,18.19,50.0
4.125,0.0,12.82,1,0.707,8.74,60.4,11.93,8,696,16.3,359.93,17.5,50.0
3.548,80.0,7.5,0,0.792,5.19,78.2,6.57,4,461,16.4,283.21,9.68,50.0
7.22,0.0,4.24,0,0.568,4.56,23.0,5.77,6,657,16.2,82.09,16.55,33.0
4.502,0.0,23.63,1,0.614,8.51,31.3,5.48,7,405,16.9,108.33,18.97,50.0
2.74,60.0,20.05,1,0.831,8.7,54.3,11.43,1,265,18.4,53.86,18.08,50.0
7.859,12.5,12.78,0,0.753,5.7,75.7,10.57,5,263,16.7,297.29,2.93,50.0
4.41,0.0,21.59,0,0.75,8.55,21.5,1.23,3,424,13.3,265.71,21.87,50.0
5.919,40.0,5.03,0,0.761,4.62,32.5,7.65,5,564,16.0,283.79,3.81,49.27
6.533,0.0,19.32,0,0.797,6.8,13.9,12.31,1,535,17.3,262.56,3.55,50.0
4.974,60.0,22.7,0,0.592,5.61,89.4,6.29,3,625,13.8,207.08,25.07,42.39
3.168,80.0,13.05,0,0.538,5.03,93.6,4.21,8,429,19.5,226.17,25.72,39.85
3.219,40.0,5.41,0,0.554,5.09,29.4,7.86,5,190,17.2,75.83,9.93,50.0
4.04,12.5,19.15,1,0.6,3.89,30.8,5.65,4,493,18.6,146.46,21.48,38.14
3.205,95.0,9.43,1,0.513,5.06,13.8,3.21,2,369,13.9,293.15,11.23,50.0
6.591,25.0,26.97,0,0.525,5.6,31.6,9.14,3,460,12.5,21.64,11.81,50.0
4.02,80.0,3.27,0,0.661,6.15,45.2,3.12,1,438,21.4,189.61,31.42,33.7
4.267,0.0,4.6,0,0.422,5.04,56.7,5.79,4,715,15.8,360.59,12.0,42.1
5.537,0.0,16.96,0,0.844,4.84,22.7,8.59,3,425,13.7,29.79,1.1,50.0
8.109,25.0,1.38,0,0.726,7.31,46.5,8.9,5,382,16.3,216.14,24.96,49.65
6.001,0.0,2.11,0,0.672,7.92,92.3,6.05,8,491,19.0,374.15,19.52,45.08
5.194,0.0,24.51,0,0.676,3.93,24.4,8.75,1,455,17.8,302.88,7.48,42.54
6.142,25.0,5.4,1,0.691,6.26,10.9,5.0,6,508,18.7,340.43,13.2,49.15
4.442,60.0,22.47,0,0.603,5.37,33.7,12.16,7,706,20.2,0.46,33.17,24.87
4.119,95.0,10.27,1,0.686,7.6,21.9,7.32,5,628,20.8,192.38,2.07,50.0
5.305,0.0,8.89,0,0.651,4.27,99.2,11.5,8,300,18.5,61.11,35.51,26.01
3.919,60.0,23.04,1,0.499,6.56,39.6,11.6,24,319,20.6,109.64,30.23,50.0
4.862,95.0,7.71,0,0.519,5.29,59.5,12.49,8,332,16.5,192.24,13.3,50.0
8.653,40.0,23.98,0,0.66,4.97,78.0,1.5,8,570,15.9,263.42,31.37,20.72
5.0,0.0,3.91,0,0.806,8.17,45.2,7.05,8,195,19.2,162.72,25.23,50.0
5.504,25.0,9.64,1,0.698,8.06,85.5,10.88,7,504,18.3,352.22,19.05,50.0
4.761,12.5,17.54,0,0.869,7.53,44.5,2.13,2,634,13.7,118.86,2.07,50.0
4.096,40.0,10.62,0,0.5,5.86,68.8,3.07,3,260,18.1,151.83,26.28,47.15
4.445,12.5,12.95,0,0.605,7.13,90.1,6.35,5,341,12.7,375.16,37.54,46.09
5.611,25.0,12.83,0,0.478,5.72,49.4,3.73,6,482,21.9,117.18,37.18,23.55
7.82,0.0,25.09,1,0.788,8.31,78.0,3.65,6,404,18.4,246.43,26.08,47.21
5.964,0.0,17.46,0,0.531,6.0,58.8,9.42,2,482,15.3,164.91,8.43,50.0
6.454,40.0,14.83,0,0.787,5.08,82.8,6.54,5,526,20.0,185.88,3.79,43.31
1.355,60.0,26.62,0,0.424,5.77,27.9,2.42,6,448,17.8,326.42,35.79,37.8
8.759,0.0,17.23,0,0.828,4.91,8.2,10.47,5,598,13.2,18.0,2.38,43.58
6.715,12.5,24.46,0,0.57,5.66,95.0,9.01,24,609,17.9,288.39,33.76,27.46
4.343,60.0,25.85,0,0.396,5.65,45.5,11.93,6,281,21.8,145.8,34.36,39.69
5.992,25.0,5.62,0,0.845,7.92,11.0,3.44,1,231,19.9,96.67,5.66,50.0
2.548,95.0,6.09,0,0.778,4.96,77.9,10.07,1,463,20.6,57.43,5.81,50.0
6.328,0.0,4.06,0,0.767,4.99,33.7,3.0,1,309,19.4,208.8,28.59,29.85
3.408,95.0,16.53,1,0.627,8.53,6.2,10.01,24,488,16.6,382.62,3.25,50.0
3.731,0.0,13.74,1,0.416,4.2,61.6,1.76,5,512,15.8,237.1,11.91,44.96
3.305,0.0,23.53,0,0.591,8.24,42.6,10.52,7,605,19.3,124.05,12.56,50.0
0.713,80.0,2.31,0,0.426,4.28,74.4,10.34,24,241,17.9,222.89,13.2,50.0
7.124,60.0,23.94,0,0.855,6.8,36.5,7.65,4,338,18.6,89.0,5.0,50.0
3.817,25.0,16.0,1,0.794,8.67,82.2,8.06,24,206,18.1,261.09,26.66,50.0
2.925,25.0,25.38,0,0.383,8.15,57.5,5.61,3,211,12.9,210.55,14.92,50.0
5.611,25.0,19.98,0,0.813,4.58,75.9,1.57,2,458,16.4,168.29,23.46,25.65
0.096,95.0,3.57,1,0.434,7.19,60.1,7.06,5,226,14.2,390.73,3.03,50.0
2.641,0.0,21.13,0,0.541,3.84,75.2,3.02,7,415,17.0,330.76,30.83,28.44
8.037,0.0,12.28,1,0.831,8.11,58.4,7.59,7,476,13.2,8.28,13.02,50.0
4.004,40.0,2.88,0,0.499,6.74,53.3,5.55,5,527,14.2,309.23,3.83,50.0
5.647,12.5,24.96,0,0.552,8.59,65.3,2.7,2,329,14.6,68.86,6.66,50.0
3.189,80.0,13.03,1,0.714,8.21,65.0,12.35,6,503,13.5,27.1,17.36,50.0
4.967,0.0,10.0,0,0.532,6.06,7.6,10.56,2,272,18.2,201.26,18.12,50.0
2.189,0.0,12.64,0,0.538,6.18,16.8,1.71,2,531,21.8,33.47,24.91,39.65
2.491,80.0,14.65,0,0.558,8.39,40.0,9.91,1,522,12.7,37.51,26.1,50.0
8.787,0.0,9.5,0,0.829,5.35,66.3,8.61,3,266,15.1,149.5,30.29,31.95
1.962,95.0,3.02,1,0.629,3.89,32.3,11.94,6,677,13.9,396.89,6.73,50.0
6.742,95.0,21.31,0,0.704,8.18,62.6,7.87,3,346,13.8,274.99,24.12,50.0
8.596,0.0,11.59,0,0.855,6.85,75.7,10.01,4,424,15.1,320.94,18.35,43.6
3.937,80.0,12.97,0,0.761,6.31,43.0,2.86,4,321,20.7,20.71,18.78,50.0
1.474,95.0,23.48,0,0.421,4.6,46.0,6.9,7,273,21.5,88.13,17.69,50.0
6.141,0.0,11.2,0,0.496,8.77,38.7,1.32,2,523,19.9,54.61,11.61,50.0
2.451,0.0,20.99,1,0.6,3.83,9.8,3.94,3,720,16.2,308.06,9.79,37.8
3.32,80.0,2.2,1,0.672,3.88,52.5,3.78,3,478,16.3,244.02,9.9,50.0
7.565,0.0,14.63,0,0.413,6.43,51.7,12.37,24,200,15.9,186.6,24.52,50.0
3.317,0.0,10.14,0,0.549,7.46,63.6,9.87,6,316,12.4,216.71,31.1,50.0
1.623,80.0,26.98,1,0.69,7.86,8.2,9.93,8,217,14.9,17.39,8.38,50.0
2.254,95.0,11.25,1,0.504,7.57,20.7,5.11,1,519,14.7,317.26,17.17,50.0
4.993,60.0,9.65,0,0.623,6.29,92.6,6.97,2,614,12.8,239.11,31.43,36.71
7.451,0.0,9.35,0,0.53,6.81,43.8,8.93,6,637,12.4,345.32,14.04,50.0
4.465,0.0,2.53,1,0.558,7.81,68.6,11.96,3,628,12.3,26.68,29.81,50.0
4.389,0.0,16.84,1,0.845,5.66,76.8,7.6,24,555,16.0,257.81,10.24,49.42
0.628,80.0,14.48,0,0.508,5.1,45.7,12.46,5,682,14.0,53.87,3.74,50.0
7.71,0.0,22.38,0,0.707,7.35,55.9,4.34,5,341,19.1,368.06,24.59,42.83
7.691,0.0,27.1,0,0.496,6.27,37.4,7.58,8,312,18.1,34.22,12.44,50.0
7.358,95.0,11.59,1,0.783,4.17,97.3,8.39,8,657,18.8,136.74,33.48,20.48
4.445,0.0,21.23,0,0.592,8.35,7.4,2.43,3,491,13.6,128.06,27.25,50.0
3.027,25.0,23.34,0,0.476,8.58,28.9,8.19,24,275,17.0,66.93,35.84,50.0
5.736,40.0,23.25,0,0.784,3.94,6.5,8.38,5,395,19.7,165.34,24.64,30.64
3.78,25.0,17.83,0,0.617,7.82,69.1,4.42,2,241,13.6,164.96,18.18,50.0
3.198,40.0,20.32,0,0.858,4.45,38.3,7.46,6,427,16.7,106.16,10.17,44.83
3.531,60.0,23.83,1,0.502,8.13,17.7,4.77,6,374,19.6,197.76,20.04,50.0
5.325,0.0,2.93,1,0.628,8.63,23.1,5.06,1,468,16.9,350.2,25.21,50.0
5.955,0.0,12.14,0,0.736,7.62,37.9,5.61,24,379,15.6,114.55,15.29,50.0
1.501,0.0,3.97,0,0.573,7.77,35.2,11.8,3,383,18.0,159.31,2.49,50.0
2.956,80.0,14.52,0,0.677,6.38,34.1,8.05,3,582,21.9,293.44,12.07,50.0
1.043,95.0,13.73,0,0.613,3.88,34.5,2.26,7,495,20.0,287.88,26.46,33.66
0.622,12.5,19.98,1,0.464,6.95,62.7,10.67,3,428,12.3,376.34,5.07,50.0
5.599,0.0,11.65,0,0.581,7.67,92.2,11.04,1,321,17.2,222.62,37.93,41.35
3.831,0.0,12.91,0,0.648,7.18,87.0,8.83,5,675,13.9,97.84,21.65,49.75
8.094,25.0,21.32,0,0.718,6.25,49.0,7.45,5,474,13.2,268.55,15.05,50.0
8.909,0.0,8.34,0,0.848,4.2,92.6,8.54,8,399,14.0,213.76,35.52,12.69
5.532,12.5,7.05,0,0.693,4.06,42.5,9.25,2,320,12.1,218.43,35.38,31.89
7.793,80.0,13.39,0,0.75,5.24,30.0,1.68,2,417,17.4,287.01,35.66,23.31
9.031,0.0,25.72,0,0.869,5.78,50.5,11.77,5,218,12.1,225.42,4.97,50.0
3.009,95.0,14.66,0,0.797,6.14,20.9,2.3,3,649,18.5,285.21,1.52,50.0
4.579,12.5,5.24,1,0.785,6.38,10.5,8.7,3,323,16.8,371.43,1.25,50.0
5.689,25.0,26.26,0,0.665,6.66,27.6,5.13,4,243,18.7,184.72,6.91,50.0
5.13,25.0,19.14,0,0.56,4.9,95.8,6.5,8,562,16.2,217.99,18.42,39.47
4.897,12.5,21.07,0,0.637,6.44,37.5,11.55,2,243,20.3,358.36,8.48,50.0
4.754,95.0,12.43,0,0.731,6.24,90.1,6.12,1,644,13.3,164.88,21.86,46.92
5.829,25.0,20.03,1,0.505,3.82,23.4,1.84,7,532,19.0,214.79,3.23,50.0
5.963,80.0,1.36,1,0.468,4.48,64.9,9.39,7,563,21.9,151.81,33.18,28.15
3.807,95.0,4.09,0,0.438,8.76,40.5,2.46,4,183,19.6,388.36,18.13,50.0
6.833,60.0,22.73,0,0.606,4.58,20.5,11.06,2,212,20.1,166.4,29.34,34.59
6.921,12.5,2.32,0,0.599,7.16,87.5,3.81,1,591,16.4,214.23,28.91,32.86
7.103,25.0,6.82,0,0.663,7.66,82.2,3.72,3,713,14.2,119.27,3.26,50.0
4.158,0.0,17.4,1,0.652,4.03,35.8,8.4,7,717,15.2,165.24,6.52,45.16
1.752,80.0,7.01,0,0.527,7.34,81.0,11.52,24,602,21.7,221.19,5.96,50.0
4.74,0.0,25.4,0,0.425,7.42,20.7,4.09,1,254,13.9,302.32,27.8,50.0
2.528,40.0,8.69,0,0.484,4.75,74.7,9.59,8,428,19.0,279.33,15.68,47.69
5.022,25.0,10.78,0,0.531,5.6,88.5,6.36,8,507,21.1,147.13,16.32,40.02
5.992,0.0,0.94,1,0.525,4.78,24.5,7.55,4,691,17.5,374.46,13.49,40.13
4.724,80.0,12.94,0,0.463,7.4,49.9,11.54,24,240,17.2,333.03,3.75,50.0
3.5,0.0,11.63,0,0.413,4.56,23.4,6.24,1,674,18.6,6.24,20.69,30.02
3.751,25.0,14.96,0,0.388,7.87,68.1,10.27,3,289,21.2,208.13,9.92,50.0
5.726,40.0,7.72,1,0.419,8.6,47.0,3.8,4,487,18.8,336.52,25.19,50.0
9.456,0.0,11.44,1,0.651,4.08,2.9,2.97,8,624,18.4,131.48,37.16,12.54
2.612,0.0,6.7,1,0.513,8.42,69.1,4.22,24,213,13.8,337.53,1.58,50.0
5.329,60.0,25.58,0,0.46,5.0,83.8,5.48,24,519,15.8,293.6,30.25,31.04
4.475,40.0,1.95,1,0.494,4.18,61.3,8.06,7,514,12.3,108.48,37.73,29.11
4.671,60.0,12.16,1,0.422,6.89,80.2,9.2,2,454,13.5,282.46,24.45,50.0
2.048,0.0,2.97,0,0.598,7.61,12.0,2.0,7,639,17.6,203.39,4.82,50.0
2.251,40.0,23.82,0,0.523,5.74,10.3,11.36,4,713,13.7,151.11,6.14,50.0
3.269,0.0,5.01,0,0.586,6.22,9.5,3.89,4,687,17.9,77.61,4.96,50.0
3.926,40.0,23.22,1,0.774,5.45,34.8,10.38,3,487,15.2,375.98,8.43,50.0
6.372,40.0,8.37,1,0.854,7.71,33.9,4.22,7,553,13.1,223.79,22.91,50.0
3.2,95.0,1.23,1,0.842,4.85,80.2,10.56,2,598,18.7,55.24,12.2,45.71
4.911,60.0,21.81,0,0.6,6.79,59.1,7.15,7,217,19.9,142.7,34.13,46.97
3.547,0.0,3.45,0,0.702,5.58,65.4,1.51,7,519,21.7,170.85,1.39,49.05
2.921,95.0,15.57,0,0.598,5.76,77.7,7.77,24,334,15.4,9.75,4.87,50.0
2.148,0.0,22.95,0,0.551,5.52,78.9,6.99,6,667,13.0,286.56,17.74,40.56
8.528,0.0,1.11,0,0.698,7.19,18.1,12.31,4,708,13.7,63.56,21.71,40.32
3.21,60.0,17.5,0,0.694,5.96,4.9,8.06,4,640,17.9,154.33,27.08,41.26
4.551,0.0,16.09,0,0.559,4.79,13.2,8.71,8,720,21.7,124.39,15.38,30.43
4.187,40.0,23.33,0,0.779,7.33,31.1,8.07,2,317,15.1,94.69,5.33,50.0
3.909,60.0,11.79,0,0.662,5.92,49.7,7.18,3,350,16.9,55.68,12.64,50.0
4.456,40.0,26.2,1,0.447,7.88,96.5,6.81,8,598,18.8,164.96,32.08,43.67
6.22,0.0,21.99,0,0.523,5.17,54.7,2.93,8,687,17.5,44.93,5.23,45.64
7.169,40.0,15.14,0,0.752,6.01,23.4,5.89,4,484,20.7,12.79,10.72,43.3
6.697,0.0,21.44,0,0.483,7.49,69.5,10.9,7,349,18.2,311.51,31.1,47.17
0.885,95.0,8.09,0,0.539,7.32,30.4,4.07,24,277,13.4,297.71,16.23,50.0
3.958,0.0,19.44,0,0.502,7.36,83.2,9.76,7,681,13.4,251.0,24.23,44.65
5.219,0.0,11.38,0,0.72,8.19,46.6,6.61,1,275,19.3,181.96,25.57,48.95
5.988,95.0,11.24,1,0.784,6.27,33.6,4.26,24,313,17.7,192.63,13.72,50.0
3.212,0.0,17.41,1,0.388,8.45,17.5,6.25,7,387,22.0,360.94,33.64,50.0
1.553,25.0,3.02,0,0.503,5.66,90.6,2.9,7,492,19.3,299.75,16.88,43.6
2.208,12.5,13.37,0,0.671,6.4,45.6,1.09,6,303,21.9,167.62,5.89,50.0
4.528,0.0,3.29,0,0.812,4.49,77.8,9.66,3,326,12.7,223.57,23.58,36.18
8.886,12.5,17.46,0,0.831,6.88,45.4,3.5,2,323,19.5,234.0,15.21,44.11
3.408,0.0,7.19,0,0.502,6.8,72.7,4.28,1,488,14.1,240.89,7.98,50.0
5.228,12.5,13.86,0,0.498,6.99,9.0,11.22,1,549,21.3,52.38,32.85,37.57
3.328,0.0,21.09,0,0.388,4.14,27.7,1.46,1,587,17.1,249.48,19.54,35.99
6.181,0.0,17.79,0,0.516,5.35,52.1,3.34,3,514,15.9,251.75,31.88,24.59
0.0,60.0,20.21,0,0.408,4.23,44.6,6.21,1,496,18.7,261.18,7.5,50.0
4.925,0.0,4.92,0,0.636,7.71,72.6,2.92,3,455,19.3,46.86,34.3,35.91
5.286,95.0,2.22,0,0.623,6.35,7.4,10.88,3,556,13.6,306.93,34.09,41.11
2.459,95.0,0.57,0,0.5,6.16,39.5,2.73,1,609,14.2,98.54,34.89,43.64
0.889,40.0,3.72,0,0.468,7.82,98.2,11.97,2,656,20.7,307.01,12.5,50.0
4.834,40.0,5.92,0,0.742,5.01,38.1,12.18,4,431,13.5,370.07,1.88,50.0
4.574,0.0,26.18,0,0.752,5.68,74.3,4.54,4,423,16.2,381.49,36.98,23.76
5.62,0.0,25.37,1,0.723,5.66,97.5,1.98,2,697,13.3,325.44,3.77,47.9
4.764,0.0,6.89,0,0.797,8.43,40.5,10.57,6,505,16.5,92.72,35.91,44.12
2.492,0.0,4.7,0,0.6,5.37,13.8,5.12,4,642,15.1,105.18,5.44,50.0
2.956,0.0,6.31,0,0.453,7.36,96.9,5.56,1,486,14.6,393.2,2.15,50.0
5.398,95.0,7.25,1,0.43,7.77,13.9,1.71,4,313,14.0,158.99,26.39,50.0
0.446,25.0,25.27,0,0.391,4.12,90.4,6.1,3,274,21.1,329.17,13.27,50.0
8.174,0.0,25.45,1,0.783,5.77,4.9,8.86,3,542,14.1,74.28,11.35,44.72
5.61,12.5,17.98,1,0.582,6.55,8.0,4.22,3,609,14.0,351.12,20.46,50.0
2.519,0.0,27.21,0,0.615,7.71,35.7,7.5,6,577,14.7,10.34,23.09,50.0
7.89,25.0,2.08,1,0.639,7.63,100.0,12.2,2,433,18.6,105.78,31.2,41.51
7.598,12.5,16.04,1,0.554,8.0,84.8,3.03,6,547,21.1,11.2,26.92,42.74
4.003,12.5,23.09,1,0.646,4.68,5.7,1.65,4,200,17.3,0.27,34.96,31.48
6.419,0.0,25.31,0,0.409,4.54,71.1,2.63,2,718,20.6,381.25,14.82,28.4
7.542,0.0,9.59,0,0.447,4.59,95.0,10.11,8,504,13.7,384.49,26.66,34.37
2.882,12.5,18.47,0,0.565,7.47,30.9,3.04,1,580,20.5,305.94,22.0,45.67
7.825,12.5,17.77,0,0.839,4.5,75.0,3.74,6,351,18.4,382.25,31.4,21.02
6.734,40.0,12.56,0,0.483,7.27,36.3,10.05,1,229,15.9,290.76,36.86,49.44
0.0,60.0,9.98,1,0.43,6.2,86.7,8.49,4,346,16.5,317.2,2.24,50.0
3.56,0.0,2.5,0,0.815,4.6,9.4,11.83,2,526,17.9,243.56,18.86,39.89
3.507,0.0,16.9,1,0.457,4.31,22.1,3.18,24,451,18.6,118.04,4.55,50.0
6.026,80.0,4.65,0,0.382,4.24,82.7,8.19,8,384,13.0,82.14,24.61,44.47
1.979,0.0,8.83,1,0.611,8.27,28.0,8.38,7,369,15.7,151.4,7.9,50.0
7.145,25.0,6.61,0,0.656,4.56,70.3,2.11,6,603,21.7,234.06,21.48,25.09
7.468,60.0,26.57,1,0.661,4.98,31.3,5.54,1,694,17.7,205.12,22.14,30.28
4.352,80.0,5.17,0,0.856,7.84,14.4,5.87,7,386,22.0,248.95,31.86,48.71
5.291,0.0,2.85,1,0.651,8.08,52.9,11.55,1,715,19.8,44.66,6.54,50.0
4.091,0.0,25.47,0,0.765,8.14,88.3,11.1,5,572,18.5,227.04,18.5,50.0
6.587,60.0,1.55,0,0.718,4.05,48.6,4.09,6,200,15.4,315.0,12.51,50.0
6.571,0.0,26.76,0,0.446,8.67,45.4,10.5,5,606,18.0,35.44,17.34,50.0
3.104,80.0,21.01,0,0.782,6.38,17.6,4.58,24,593,13.4,337.88,33.54,36.56
0.304,12.5,23.1,0,0.396,4.05,37.3,3.29,6,655,17.1,252.19,5.58,47.89
6.379,80.0,5.29,1,0.668,5.55,18.0,11.29,2,471,12.3,19.71,32.59,41.81
1.574,12.5,17.98,0,0.512,5.85,4.0,9.97,1,665,21.1,256.94,23.24,39.06
2.582,25.0,19.74,0,0.588,5.68,36.2,3.9,8,489,18.8,327.17,15.69,47.91
3.37,40.0,15.66,0,0.526,4.34,8.3,12.37,6,463,14.6,282.23,34.02,32.61
6.368,12.5,24.79,1,0.704,7.2,72.7,8.54,5,445,21.1,160.59,28.26,45.46
6.175,12.5,9.77,0,0.716,6.99,48.6,11.82,6,699,15.0,67.47,25.33,38.19
4.655,80.0,3.95,0,0.735,6.6,91.4,11.89,6,271,14.2,88.64,33.24,50.0
4.316,40.0,7.54,0,0.607,4.39,7.3,8.3,2,663,20.9,198.64,33.1,19.5
5.025,0.0,24.01,0,0.447,4.8,42.1,7.55,8,326,15.2,284.05,29.82,38.81
2.852,0.0,8.96,0,0.382,5.17,76.6,2.94,3,681,19.9,309.48,5.79,46.19
1.503,60.0,26.56,1,0.382,6.47,73.6,11.93,6,375,12.2,1.64,28.14,50.0
6.934,25.0,3.98,1,0.627,5.33,8.4,1.53,5,646,19.3,236.7,13.5,43.56
5.03,40.0,27.4,1,0.556,4.74,94.9,11.56,7,199,14.3,288.61,5.85,50.0
4.671,0.0,3.83,0,0.564,7.0,77.6,8.17,1,290,18.5,7.84,26.52,47.66
4.251,95.0,7.32,0,0.481,7.23,2.9,5.84,2,712,14.7,240.38,6.08,50.0
4.546,0.0,8.13,0,0.624,6.85,78.2,10.56,4,546,19.0,117.22,2.46,50.0
3.698,80.0,9.43,0,0.386,4.25,12.8,7.6,8,332,21.5,309.39,3.78,50.0
2.278,12.5,12.83,0,0.509,4.05,81.7,11.05,5,548,20.0,124.11,28.33,30.52
4.566,0.0,0.76,0,0.705,4.65,37.0,6.03,5,275,15.7,136.03,5.21,50.0
5.524,60.0,19.13,1,0.772,7.04,80.1,2.3,1,343,13.0,361.67,18.86,50.0
3.723,60.0,21.54,0,0.803,8.2,73.3,11.26,8,679,13.1,163.24,2.7,50.0
5.903,95.0,21.22,0,0.859,7.15,35.2,7.02,2,623,18.6,98.66,13.79,50.0
5.17,95.0,24.59,0,0.386,8.47,51.5,6.4,8,349,12.7,195.14,9.91,50.0
4.685,12.5,15.36,1,0.578,4.97,47.0,10.21,8,270,20.6,177.44,5.39,50.0
4.405,0.0,11.39,0,0.653,3.8,10.9,7.95,5,700,17.6,259.81,17.88,30.58
4.116,12.5,23.3,0,0.654,6.9,48.4,8.56,8,296,13.0,261.52,1.08,50.0
6.981,25.0,15.29,0,0.724,4.03,18.1,2.62,7,289,14.5,77.76,5.47,46.48
8.588,12.5,19.85,0,0.751,4.03,64.1,8.73,2,641,16.6,233.9,19.66,19.26
6.686,0.0,15.44,1,0.791,6.21,51.8,11.59,3,357,19.3,50.95,15.33,50.0
6.151,95.0,24.3,1,0.86,8.38,76.7,4.15,6,481,16.5,52.94,16.27,50.0
8.62,25.0,23.26,0,0.729,8.48,64.0,3.31,5,533,21.2,52.66,27.28,36.7
1.211,95.0,19.25,0,0.728,7.6,57.1,7.7,7,472,20.8,167.65,1.47,50.0
2.145,0.0,18.6,0,0.511,7.73,98.4,8.86,3,243,18.9,117.14,28.88,50.0
9.495,0.0,17.13,0,0.744,6.61,25.3,10.02,5,228,21.3,153.82,36.4,29.57
4.609,95.0,1.95,0,0.48,8.14,86.3,6.1,4,556,19.6,216.95,23.33,50.0
2.577,25.0,12.62,0,0.472,4.67,52.4,5.34,7,465,17.6,51.62,22.61,39.0
6.149,0.0,1.58,0,0.672,7.67,63.3,10.7,5,682,19.9,218.36,3.7,50.0
6.384,0.0,14.56,0,0.584,6.49,11.0,3.54,4,519,15.3,116.52,36.16,30.7
5.819,95.0,22.74,0,0.436,5.53,25.6,8.39,4,220,18.8,127.38,34.89,44.46
5.012,95.0,20.05,0,0.827,7.91,38.7,10.23,8,678,12.4,356.53,8.12,50.0
7.633,0.0,26.73,0,0.687,4.85,63.7,3.45,7,286,14.1,328.93,33.51,26.25
2.008,0.0,20.67,0,0.392,7.38,5.7,1.84,3,437,17.6,228.2,9.42,50.0
2.205,60.0,12.19,0,0.571,4.39,2.6,9.28,2,226,19.0,28.81,35.34,40.92
7.739,25.0,16.88,0,0.755,5.99,40.7,8.6,8,340,17.3,54.13,15.47,48.55
4.184,0.0,8.55,0,0.849,3.86,87.7,2.63,1,185,17.7,156.41,21.26,29.52
4.092,40.0,6.22,0,0.459,4.9,83.8,3.23,3,235,20.5,370.06,37.79,30.98
3.157,25.0,18.64,0,0.428,7.43,49.7,4.8,3,420,13.0,245.89,34.3,50.0
5.003,25.0,19.22,0,0.657,5.62,33.0,5.93,1,500,14.5,87.92,28.37,39.52
9.52,0.0,18.85,0,0.81,6.11,37.2,4.51,24,291,13.8,240.77,32.15,28.92
7.389,95.0,5.8,0,0.736,8.26,85.3,8.26,7,397,21.1,218.93,21.11,50.0
4.618,0.0,10.38,0,0.817,6.75,86.0,2.54,24,702,12.9,144.42,1.39,50.0
3.879,0.0,20.94,0,0.599,4.7,95.0,8.58,3,675,21.4,16.04,29.17,18.51
5.53,12.5,1.66,0,0.634,7.76,40.0,11.56,1,220,21.8,128.62,27.04,50.0
3.504,25.0,16.12,0,0.565,5.69,59.6,11.33,2,709,14.5,386.05,9.25,50.0
3.158,40.0,13.65,1,0.815,3.83,88.4,6.06,4,258,17.1,111.45,6.56,50.0
3.559,0.0,18.35,1,0.777,7.4,49.2,6.51,4,345,18.5,163.09,10.02,50.0
7.504,0.0,17.5,0,0.816,4.53,18.3,11.61,24,595,18.0,223.69,1.69,44.68
5.174,25.0,26.08,0,0.6,8.76,87.0,2.96,7,326,19.9,325.64,7.73,50.0
6.224,40.0,25.4,0,0.493,5.73,12.6,3.33,24,609,20.3,240.33,7.56,50.0
1.981,95.0,14.09,0,0.426,7.1,90.4,7.2,1,621,17.2,147.0,2.61,50.0
5.238,80.0,21.82,1,0.552,7.82,91.0,10.63,2,615,13.3,189.38,9.6,50.0
2.624,95.0,11.53,0,0.383,7.52,2.7,7.01,24,187,15.8,81.53,30.76,50.0
2.75,60.0,18.09,0,0.508,6.48,57.3,8.04,7,388,16.1,311.09,18.85,50.0
3.432,25.0,27.19,0,0.759,5.79,15.5,10.93,2,415,16.5,277.56,6.99,50.0
1.281,40.0,22.12,0,0.459,8.62,2.5,2.05,3,662,21.3,172.8,3.37,50.0
7.643,0.0,20.06,1,0.681,6.41,71.7,7.87,3,686,16.4,80.06,25.3,32.42
4.746,0.0,21.67,0,0.681,7.17,37.3,8.53,3,268,22.0,309.45,14.07,50.0
3.229,95.0,0.91,0,0.83,6.55,73.2,7.43,6,535,21.6,109.75,23.44,47.02
6.185,0.0,7.55,1,0.628,6.59,51.3,4.91,2,705,21.6,347.73,31.09,28.88
8.169,60.0,15.71,0,0.751,8.61,47.0,6.3,1,673,13.2,26.81,24.45,50.0
4.32,12.5,22.1,1,0.848,6.38,3.0,10.57,4,474,12.9,267.39,31.38,46.5
3.293,80.0,8.97,0,0.818,5.15,94.8,8.86,4,690,19.4,93.22,9.96,41.51
3.749,12.5,23.08,0,0.456,4.33,92.2,8.77,8,186,19.6,214.91,2.56,50.0
4.104,80.0,24.75,0,0.62,8.72,91.8,4.22,4,311,12.5,317.23,18.7,50.0
2.709,60.0,23.73,0,0.604,4.4,52.8,4.63,1,192,18.7,150.59,4.73,50.0
3.782,0.0,15.31,0,0.512,8.59,35.6,3.12,7,395,16.2,298.55,14.51,50.0
7.491,0.0,26.94,0,0.779,7.4,80.8,7.39,7,380,13.5,380.69,6.53,50.0
5.086,80.0,4.13,0,0.765,5.3,57.1,7.53,7,281,18.9,23.83,31.11,38.92
2.396,80.0,20.6,0,0.557,6.6,93.3,3.96,1,601,13.2,344.26,36.64,40.45
6.127,95.0,5.21,0,0.554,7.17,49.8,9.47,2,570,18.1,184.06,36.39,42.12
7.782,40.0,11.89,1,0.796,4.16,17.9,3.62,6,478,19.1,240.28,15.63,36.45
6.354,40.0,20.69,1,0.583,4.72,4.3,9.37,5,261,14.1,157.59,4.54,50.0
5.765,0.0,1.21,1,0.637,8.78,12.2,8.11,2,579,15.1,98.19,11.51,50.0
7.716,0.0,1.27,0,0.802,5.43,48.7,12.21,24,458,17.5,53.63,36.09,23.52
2.85,80.0,17.54,1,0.636,7.0,32.3,4.99,24,412,20.0,175.37,14.53,50.0
3.383,0.0,14.63,0,0.549,6.15,2.8,11.6,8,486,12.1,170.84,11.84,50.0
5.475,40.0,5.59,1,0.573,4.62,74.2,5.48,7,405,14.6,167.59,9.86,50.0
1.74,25.0,8.19,0,0.582,8.07,19.9,4.33,8,643,14.7,247.17,7.95,50.0
4.623,95.0,1.1,0,0.518,4.43,45.0,1.09,2,334,12.1,86.2,16.55,50.0
3.179,40.0,13.02,0,0.542,8.02,95.3,1.64,7,253,17.4,72.08,34.14,50.0
3.418,0.0,3.79,0,0.569,8.67,26.2,12.44,4,651,19.4,37.29,25.64,50.0
7.968,25.0,25.78,0,0.688,4.01,93.9,6.99,5,672,18.4,78.87,33.84,7.59
6.15,0.0,6.87,1,0.539,4.64,29.1,2.38,4,189,21.7,230.63,26.56,33.4
1.757,0.0,7.22,1,0.425,6.89,93.2,12.47,1,241,15.6,61.09,20.85,50.0
6.148,40.0,27.01,0,0.775,5.99,20.9,8.93,6,317,14.5,15.67,27.15,45.01
2.828,80.0,5.62,0,0.646,5.42,47.9,10.98,24,344,12.7,61.53,11.94,50.0
5.323,0.0,21.45,1,0.739,8.21,62.7,5.19,4,508,19.2,261.28,20.94,50.0
1.468,80.0,21.17,0,0.68,5.41,64.8,2.27,24,248,12.4,372.21,7.61,50.0
4.401,12.5,3.17,1,0.702,6.43,70.7,3.94,6,406,18.1,28.13,35.42,34.78
2.814,0.0,13.14,0,0.557,7.52,89.3,10.45,1,452,17.3,291.44,31.87,44.13
4.926,95.0,3.12,0,0.641,4.75,53.6,3.86,3,605,19.5,304.14,22.33,36.09
8.663,60.0,24.34,0,0.768,6.55,51.5,8.56,24,633,21.3,358.2,21.35,38.57
2.902,60.0,21.13,1,0.785,5.42,25.6,7.27,7,440,15.6,179.56,36.51,32.8
9.278,25.0,16.59,0,0.867,5.31,31.4,3.55,6,202,19.7,374.41,31.43,26.88
7.184,0.0,3.05,1,0.554,4.49,38.0,7.69,4,442,20.1,36.48,15.79,41.29
6.055,40.0,21.91,0,0.619,8.3,70.9,10.42,2,487,12.4,320.83,15.12,50.0
4.464,40.0,9.89,1,0.584,8.14,87.2,3.61,1,571,12.5,208.13,12.81,50.0
6.046,12.5,4.64,1,0.856,7.56,58.4,2.04,7,476,19.9,58.75,13.44,50.0
4.117,95.0,11.28,0,0.575,5.97,70.4,9.76,8,382,16.9,258.88,8.26,50.0
6.564,12.5,7.04,0,0.761,5.42,92.6,2.03,7,613,15.7,75.61,13.75,37.61
2.373,0.0,27.17,1,0.685,6.0,92.6,3.69,6,339,19.6,338.46,5.16,50.0
3.528,0.0,23.96,0,0.387,7.27,12.9,6.18,1,519,14.1,213.53,8.54,50.0
5.732,80.0,17.32,0,0.721,7.14,38.9,11.42,24,224,14.6,23.86,8.43,50.0
1.261,80.0,18.18,0,0.413,7.1,67.0,11.5,6,290,12.2,344.28,25.03,50.0
6.486,0.0,24.9,1,0.805,6.46,20.3,6.76,8,202,12.4,366.05,12.28,50.0
7.293,0.0,9.86,0,0.554,5.31,99.6,12.25,5,243,18.3,348.75,33.94,29.17
1.199,95.0,26.13,0,0.454,8.29,66.4,2.01,7,713,21.6,243.08,24.14,50.0
6.907,0.0,12.01,0,0.826,5.45,55.1,3.38,3,387,20.6,122.64,27.09,23.12
4.769,0.0,18.22,0,0.536,6.59,95.0,2.36,6,329,19.3,303.8,33.56,34.87
0.0,80.0,20.63,0,0.454,4.74,14.9,1.3,5,416,18.0,91.65,1.97,50.0
3.366,0.0,14.06,1,0.729,5.67,85.5,6.65,3,347,13.9,12.79,29.29,39.75
7.058,60.0,6.51,0,0.751,4.13,92.9,12.33,8,512,20.7,352.28,16.82,34.03
7.407,60.0,19.95,1,0.68,7.51,60.2,7.04,1,713,13.1,181.34,33.48,38.09
4.093,95.0,11.18,0,0.653,6.38,63.8,1.57,5,630,16.0,120.88,31.62,36.34
4.166,0.0,19.13,0,0.607,7.03,10.9,6.76,3,318,15.9,128.38,1.92,50.0
4.255,12.5,24.33,0,0.503,7.26,90.9,10.16,2,273,13.1,178.37,14.43,50.0
3.15,95.0,17.03,0,0.566,5.7,77.3,11.49,3,346,20.7,70.99,27.35,46.93
0.0,80.0,8.3,0,0.438,4.46,21.9,8.16,5,192,16.6,339.51,21.11,50.0
3.188,12.5,6.36,1,0.602,6.01,60.9,1.08,24,464,18.2,221.29,31.53,33.42
6.001,40.0,1.49,0,0.707,7.99,31.2,11.58,1,291,16.2,70.75,25.87,50.0
6.842,95.0,5.29,1,0.747,5.6,5.5,9.84,6,557,21.0,325.56,29.06,33.35
0.991,80.0,4.13,0,0.541,5.87,22.6,3.4,1,291,17.7,388.7,20.57,50.0
7.384,25.0,12.03,0,0.507,6.68,63.1,11.66,8,712,19.3,197.55,30.9,30.25
4.63,25.0,26.94,0,0.438,6.12,80.1,9.48,4,604,16.1,132.48,21.74,41.77
6.925,12.5,19.13,0,0.767,5.34,51.7,4.73,1,296,18.9,135.49,27.8,27.84
9.409,0.0,5.74,0,0.832,6.2,48.5,1.41,3,673,13.6,182.82,33.01,18.36
8.506,60.0,25.55,0,0.789,5.3,73.0,4.63,24,199,14.1,272.07,30.58,35.28
6.383,0.0,8.07,0,0.546,5.68,54.4,2.91,7,371,18.0,343.16,28.81,32.35
7.335,0.0,7.83,0,0.624,4.99,46.3,11.93,4,717,15.0,44.54,30.04,27.02
8.09,80.0,14.16,1,0.823,4.57,35.3,6.56,24,497,19.8,56.87,33.26,27.17
6.142,0.0,6.04,0,0.605,7.37,53.2,1.05,1,269,15.3,352.92,4.81,50.0
3.775,0.0,16.09,0,0.693,4.85,21.7,4.3,24,506,19.7,266.37,11.09,38.18
4.621,95.0,14.38,0,0.646,6.55,28.6,11.85,5,430,13.7,123.59,34.01,45.51
5.936,0.0,13.21,0,0.432,4.07,43.8,3.06,8,544,15.1,324.44,27.38,26.82
6.575,80.0,15.83,0,0.778,8.4,47.9,6.24,8,661,14.3,88.82,32.86,47.18
6.725,60.0,5.45,0,0.767,8.21,46.4,1.35,8,295,15.5,183.07,7.32,50.0
6.657,0.0,14.21,1,0.781,7.78,33.9,8.47,5,652,16.0,164.1,23.97,48.69
6.803,60.0,2.28,0,0.779,6.75,78.9,6.01,6,421,13.7,265.77,28.36,45.72
6.798,0.0,16.49,1,0.539,4.29,45.6,4.54,7,251,18.0,272.08,23.07,36.82
6.25,0.0,2.94,0,0.815,8.32,64.3,1.0,3,332,16.5,115.7,23.78,46.65
8.444,40.0,8.59,0,0.83,8.48,72.3,11.52,2,188,18.1,202.59,32.36,47.24
5.725,95.0,26.63,0,0.725,7.9,37.2,10.9,1,420,16.3,234.24,24.13,50.0
0.704,60.0,15.22,0,0.613,4.74,39.7,11.63,7,337,14.9,346.39,5.65,50.0
7.092,0.0,19.98,1,0.702,8.67,15.3,2.58,7,646,20.9,276.0,35.42,34.46
5.508,60.0,15.41,1,0.569,4.93,43.6,1.09,8,422,19.1,106.87,35.28,25.99
2.727,0.0,15.84,0,0.435,6.21,69.7,2.63,24,466,16.6,31.05,33.93,36.36
4.955,0.0,18.97,0,0.68,8.32,54.4,1.12,8,704,21.1,227.81,13.27,50.0
6.459,25.0,8.31,0,0.721,6.79,31.8,10.03,5,242,18.3,229.46,22.2,50.0
1.633,0.0,8.24,0,0.442,4.18,78.8,3.9,5,461,20.6,5.64,5.13,49.13
8.735,0.0,18.3,0,0.776,5.11,70.7,6.58,24,213,15.4,33.5,6.37,47.98
2.506,80.0,20.82,1,0.757,4.99,45.1,8.33,4,533,12.5,104.94,31.32,40.63
2.289,80.0,8.64,0,0.566,7.33,48.5,2.67,7,192,14.9,316.45,15.13,50.0
6.175,0.0,3.13,0,0.849,5.96,92.0,10.87,6,456,14.7,39.01,25.21,38.47
2.138,12.5,20.33,0,0.635,7.19,99.3,4.6,1,188,20.3,4.75,4.61,50.0
2.457,12.5,20.08,0,0.475,3.92,11.0,11.79,4,304,19.1,47.62,32.69,35.87
3.475,0.0,24.69,0,0.504,6.13,93.7,8.35,5,617,18.9,264.96,29.49,36.01
3.422,25.0,21.48,1,0.57,8.78,27.3,10.35,3,631,12.7,388.73,8.42,50.0
3.734,0.0,4.38,1,0.487,7.02,91.4,9.23,2,215,12.7,226.77,10.27,50.0
6.13,0.0,18.13,0,0.837,7.12,28.1,9.05,7,183,17.2,373.05,19.16,50.0
7.732,0.0,15.08,0,0.568,7.25,78.4,2.39,24,547,15.3,120.19,3.04,50.0
2.396,40.0,14.93,0,0.419,6.1,77.1,8.45,3,220,21.7,262.25,12.06,50.0
5.489,40.0,13.64,1,0.74,4.5,20.9,9.28,4,680,15.9,314.64,24.81,35.28
3.565,80.0,26.6,0,0.398,4.08,79.2,1.49,2,396,20.1,264.86,17.96,45.84
7.079,0.0,20.51,0,0.833,3.98,15.9,8.52,8,226,14.4,257.5,1.53,50.0
9.589,0.0,12.82,0,0.789,4.12,82.1,2.31,4,244,20.0,169.16,31.03,17.47
2.459,40.0,3.76,0,0.538,8.62,22.9,1.52,3,523,12.6,108.71,29.03,50.0
5.998,0.0,12.34,0,0.445,7.76,64.0,5.33,3,196,20.8,32.04,1.27,50.0
2.801,25.0,11.74,1,0.719,4.83,64.7,7.02,7,424,21.4,242.32,2.39,50.0
6.071,0.0,17.43,0,0.55,3.82,25.1,2.35,24,277,18.2,342.42,37.51,19.35
2.933,12.5,7.96,0,0.435,4.55,84.7,11.48,8,360,13.6,366.21,3.0,50.0
2.772,25.0,9.53,1,0.401,7.5,92.6,3.02,1,676,17.1,28.12,9.71,50.0
3.327,60.0,5.87,0,0.493,4.35,24.3,3.73,7,384,15.8,87.58,18.43,50.0
1.954,0.0,6.34,1,0.467,5.67,46.9,3.23,6,456,14.0,50.49,26.61,43.63
7.643,80.0,12.88,0,0.753,4.9,30.9,2.8,3,415,12.9,340.13,19.1,43.16
6.743,80.0,8.04,1,0.741,5.03,34.1,7.66,3,185,16.2,17.55,37.68,37.95
3.902,60.0,14.84,1,0.777,7.28,11.6,6.7,2,192,18.9,161.39,9.07,50.0
6.355,0.0,0.93,0,0.459,6.1,57.9,7.71,8,654,19.7,346.97,16.0,40.44
5.898,80.0,19.51,0,0.802,4.15,89.6,4.83,1,483,16.3,107.08,36.01,22.09
4.471,0.0,17.25,0,0.741,4.07,94.6,8.76,1,293,15.8,184.7,2.51,50.0
3.737,0.0,15.64,0,0.448,5.47,54.9,8.46,4,410,15.2,356.39,19.63,45.74
6.508,40.0,9.82,1,0.626,7.95,48.1,7.12,24,479,16.5,146.12,25.91,50.0
1.428,0.0,5.59,1,0.423,5.75,19.5,12.02,2,291,13.6,44.46,6.47,50.0
5.79,0.0,8.42,0,0.612,5.9,74.3,1.25,4,244,12.2,318.31,31.89,37.47
6.493,40.0,18.21,0,0.618,7.13,54.0,7.31,8,491,17.7,356.53,12.34,50.0
6.289,40.0,26.71,0,0.453,5.22,95.7,8.11,3,472,13.8,69.6,27.2,41.85
5.877,0.0,6.92,0,0.867,6.67,45.2,5.25,4,215,18.7,388.18,6.47,50.0
3.083,95.0,8.64,0,0.578,6.3,16.2,6.27,6,339,12.0,293.11,37.1,50.0
3.73,80.0,24.69,0,0.772,7.44,92.4,4.89,2,670,21.0,55.34,21.39,43.45
5.483,12.5,12.54,0,0.54,6.84,21.1,7.05,5,380,12.2,213.7,17.48,50.0
2.183,95.0,11.15,1,0.536,6.83,94.5,11.45,6,587,13.5,338.87,14.68,50.0
5.926,40.0,8.82,1,0.808,4.24,73.3,6.11,7,633,14.9,319.77,36.9,20.26
1.066,0.0,23.06,0,0.45,5.32,98.9,7.04,6,247,21.3,234.44,14.9,50.0
7.943,25.0,11.69,1,0.728,7.58,15.4,3.14,7,476,17.5,16.76,31.57,38.9
2.608,95.0,20.48,0,0.393,3.81,27.7,11.99,8,307,18.5,354.31,16.43,50.0
6.657,12.5,1.27,0,0.622,8.65,60.7,5.16,8,626,20.7,249.25,18.61,46.58
7.035,95.0,20.29,0,0.794,4.61,7.7,4.68,3,545,13.6,108.22,16.52,40.43
3.962,25.0,8.37,0,0.632,7.63,20.0,2.09,3,510,20.7,328.17,26.34,45.99
3.379,40.0,3.09,0,0.783,3.86,52.8,5.29,8,601,15.4,361.49,4.79,41.29
3.918,12.5,21.97,0,0.584,8.38,13.4,2.51,1,671,15.5,274.28,6.14,50.0
5.158,95.0,21.12,0,0.464,5.32,75.0,2.36,3,325,18.9,122.02,8.76,50.0
4.647,0.0,2.6,1,0.751,4.01,12.6,10.12,24,240,16.7,360.6,2.6,50.0
5.014,0.0,21.62,0,0.668,4.8,67.7,1.34,3,464,21.5,138.06,6.94,42.21
4.487,12.5,14.13,0,0.429,6.69,3.4,3.5,4,468,13.7,299.27,1.16,50.0
2.749,95.0,23.49,1,0.56,6.75,45.1,12.01,3,543,21.8,168.32,20.03,50.0
4.929,40.0,3.84,0,0.635,6.28,37.4,4.32,1,264,15.3,45.93,11.49,50.0
1.426,80.0,6.6,1,0.522,8.08,20.5,1.8,8,556,13.8,396.39,19.19,50.0
6.578,0.0,3.72,1,0.576,6.75,12.0,11.64,3,246,15.6,79.02,8.41,50.0
4.158,12.5,23.13,1,0.516,7.37,59.0,4.14,7,544,16.8,239.4,15.96,50.0
4.043,80.0,3.42,0,0.62,4.95,94.4,1.34,1,249,17.0,10.62,7.63,50.0
6.362,25.0,17.29,0,0.752,7.11,53.0,6.66,8,386,14.9,197.62,19.68,50.0
7.354,95.0,15.26,0,0.865,8.2,13.7,6.18,7,633,16.6,13.04,21.6,49.43
4.562,0.0,13.77,0,0.533,5.75,76.9,7.54,8,661,16.8,339.09,19.75,38.61
6.685,60.0,17.16,0,0.756,5.22,8.0,7.79,3,555,15.5,294.52,2.0,50.0
3.735,0.0,12.06,0,0.582,4.08,25.9,3.7,5,266,21.1,26.0,12.28,39.54
6.74,40.0,1.51,1,0.658,8.31,28.1,9.0,1,504,15.8,154.91,22.18,50.0
4.216,12.5,9.57,0,0.462,5.3,97.0,3.32,2,399,14.9,18.87,37.86,27.57
6.032,0.0,19.88,0,0.67,5.17,57.5,7.11,7,394,15.5,30.43,31.48,28.69
2.915,95.0,8.96,1,0.577,6.92,46.4,9.78,3,199,18.3,204.89,7.9,50.0
8.154,80.0,7.73,1,0.838,7.43,7.9,3.31,8,331,14.4,296.26,29.32,49.94
5.651,0.0,17.62,1,0.511,5.24,17.7,8.9,4,595,14.4,59.52,2.03,50.0
4.633,80.0,15.62,1,0.587,8.33,21.8,4.14,1,444,19.9,110.25,21.38,50.0
6.861,80.0,21.62,0,0.801,4.22,61.0,10.97,7,552,18.7,351.54,15.69,39.03
6.391,12.5,3.52,0,0.636,7.94,95.1,11.71,5,688,20.8,94.49,5.52,50.0
5.076,60.0,22.26,0,0.838,4.89,12.5,3.46,5,630,16.1,342.48,3.07,49.73
5.77,0.0,9.05,1,0.613,5.03,29.2,10.02,3,551,16.8,145.96,12.4,50.0
4.286,0.0,23.22,0,0.718,7.74,25.5,7.36,5,551,21.0,271.98,20.79,46.49
7.911,0.0,25.06,1,0.834,8.39,31.5,11.77,4,484,14.1,353.34,34.89,47.59
7.752,60.0,21.81,0,0.805,7.92,94.2,6.42,7,520,19.2,347.99,31.35,39.42
4.733,95.0,2.29,1,0.675,7.87,74.3,6.21,1,233,18.4,72.93,17.41,50.0
6.645,12.5,17.46,0,0.662,4.35,26.5,9.21,3,600,19.9,126.77,18.7,27.72
4.34,40.0,22.09,0,0.421,5.64,40.6,5.34,4,201,21.5,366.38,24.94,50.0
2.531,80.0,5.85,0,0.404,6.89,60.8,2.72,6,354,21.5,46.58,27.59,50.0
0.941,80.0,22.84,1,0.438,7.37,20.7,10.91,5,474,19.5,151.64,16.96,50.0
5.509,25.0,20.12,0,0.585,5.84,16.3,4.34,5,421,18.2,360.12,14.68,49.0
8.566,0.0,13.16,0,0.857,5.79,22.8,5.41,7,442,12.7,221.07,2.93,50.0
1.82,40.0,27.41,0,0.383,6.32,39.3,12.24,6,315,21.7,222.09,22.48,50.0
2.771,40.0,24.2,0,0.424,7.35,44.4,3.99,6,225,21.8,198.14,37.01,46.63
5.584,60.0,8.14,0,0.68,7.61,27.8,4.6,3,503,19.4,194.99,36.15,41.69
2.756,80.0,1.94,0,0.407,4.72,48.1,2.88,8,626,13.2,355.3,19.31,50.0
1.183,95.0,13.6,1,0.435,7.4,16.5,5.02,4,470,13.8,66.8,19.82,50.0
6.975,12.5,16.26,0,0.638,6.65,42.8,1.88,8,276,20.9,10.3,26.21,39.39
3.769,0.0,23.1,0,0.394,6.1,71.4,6.52,5,185,15.3,17.4,24.03,50.0
7.881,0.0,6.21,0,0.773,5.21,80.2,9.55,24,570,12.9,101.27,9.88,41.58
7.8,0.0,23.51,0,0.57,5.81,65.4,11.98,3,303,15.0,317.96,28.23,44.68
8.975,0.0,10.19,0,0.788,6.36,50.0,11.18,8,454,17.6,167.92,28.99,33.08
2.099,60.0,17.53,0,0.4,5.51,47.4,3.58,3,687,17.3,256.88,4.11,50.0
3.956,80.0,8.61,0,0.715,5.3,26.4,5.92,1,258,21.2,203.77,19.89,48.32
4.818,25.0,10.1,0,0.757,3.88,74.6,6.32,3,582,12.5,165.21,27.06,26.76
0.544,80.0,17.34,0,0.547,8.39,81.4,3.43,2,445,20.7,42.2,20.77,50.0
7.154,0.0,18.21,1,0.719,8.14,96.6,7.92,8,490,18.2,386.55,14.35,50.0
2.988,60.0,22.23,0,0.441,3.87,13.0,1.18,4,207,14.1,257.44,25.04,47.03
5.507,95.0,5.65,0,0.757,4.54,43.3,2.34,3,635,21.6,187.13,32.81,16.25
4.95,60.0,1.87,0,0.43,8.04,44.3,5.78,8,477,12.4,158.63,19.99,50.0
3.913,80.0,6.76,0,0.639,5.91,33.0,1.73,7,664,13.2,247.15,24.91,41.11
8.232,0.0,8.28,0,0.61,5.99,51.7,7.76,6,659,13.3,116.45,27.32,34.13
3.854,40.0,21.99,0,0.685,5.21,75.4,8.67,3,357,14.0,240.42,4.73,50.0
6.91,25.0,6.84,0,0.87,5.59,27.6,8.78,3,695,12.3,25.27,16.93,34.98
7.895,12.5,13.63,0,0.765,7.65,77.5,7.41,3,707,18.0,41.33,2.87,50.0
6.158,0.0,26.82,0,0.784,4.01,12.3,8.24,4,550,13.6,115.94,17.34,34.57
4.564,0.0,4.67,0,0.544,4.49,85.2,6.05,7,186,14.5,321.15,13.63,47.82
7.184,40.0,19.81,1,0.557,7.12,16.9,9.67,7,413,13.4,170.2,34.97,50.0
4.176,95.0,21.95,0,0.842,6.01,77.5,9.25,24,251,12.8,124.95,37.33,39.88
9.472,0.0,18.32,0,0.822,4.09,63.9,9.2,24,482,16.2,351.57,26.93,20.91
6.44,40.0,25.05,0,0.785,8.3,61.8,2.69,7,636,18.4,352.28,24.1,42.39
5.045,40.0,24.47,1,0.76,8.2,10.3,7.18,7,309,17.2,214.64,8.91,50.0
1.772,40.0,20.94,0,0.391,8.25,54.9,3.97,5,612,21.9,43.83,3.22,50.0
6.147,40.0,3.84,0,0.6,6.66,2.5,4.9,4,419,15.5,112.93,30.04,45.25
1.025,60.0,14.53,0,0.432,6.38,20.9,9.95,8,280,13.5,168.96,16.25,50.0
5.88,0.0,13.36,1,0.418,7.18,41.5,7.43,7,450,17.8,252.61,37.87,44.42
2.026,60.0,22.74,0,0.628,6.22,46.9,12.13,24,300,18.9,180.76,2.21,50.0
0.977,0.0,16.74,1,0.434,5.65,30.4,7.01,2,560,15.0,148.62,11.88,50.0
4.233,60.0,1.81,0,0.816,4.88,82.3,6.62,2,537,12.7,17.73,18.8,40.59
3.95,40.0,21.6,1,0.789,7.97,15.0,2.59,8,640,18.7,59.13,27.93,45.69
5.661,60.0,10.96,1,0.546,4.03,67.7,6.1,5,270,20.7,280.69,22.16,42.65
3.501,95.0,17.92,0,0.474,6.89,58.5,1.61,24,373,19.5,199.5,1.69,50.0
2.685,0.0,7.92,0,0.5,7.33,89.0,6.11,24,508,16.0,17.85,32.89,42.45
6.104,60.0,1.15,0,0.567,4.26,98.0,7.23,5,327,13.8,304.94,6.71,50.0
7.366,0.0,17.09,0,0.469,7.37,31.2,2.14,3,602,20.9,102.37,35.84,25.16
4.451,12.5,20.81,0,0.622,7.56,39.7,2.32,1,505,16.6,161.57,18.91,49.84
6.875,0.0,7.77,0,0.501,6.57,79.0,4.5,7,636,12.8,252.35,8.53,50.0
7.171,0.0,21.61,1,0.851,6.58,6.1,10.35,5,351,12.0,370.51,18.84,50.0
6.344,60.0,27.48,0,0.667,6.35,6.5,9.5,2,487,12.9,277.21,31.73,47.19
5.408,60.0,6.19,0,0.813,8.53,64.2,12.27,8,459,14.5,390.16,13.64,50.0
5.028,0.0,25.18,0,0.697,3.81,48.7,11.37,3,603,17.6,276.44,19.09,25.46
3.106,0.0,15.04,1,0.709,5.56,81.7,10.52,6,576,13.8,304.81,26.79,39.08
4.547,12.5,12.5,0,0.744,7.59,68.7,9.16,4,272,20.2,248.16,30.91,49.79
6.078,40.0,1.49,1,0.823,7.33,22.5,3.25,7,293,20.7,225.88,19.28,50.0
8.365,0.0,2.26,0,0.746,4.44,93.5,10.84,24,460,13.9,269.09,37.7,17.27
2.924,25.0,18.88,1,0.381,5.94,68.0,8.48,6,622,20.4,161.49,5.5,50.0
5.732,95.0,20.99,0,0.403,8.39,54.2,4.64,7,379,15.3,349.31,30.88,50.0
6.407,60.0,26.36,0,0.476,5.45,8.2,8.19,1,671,16.3,9.53,30.5,36.7
7.538,12.5,3.41,0,0.85,7.96,82.5,6.98,4,254,19.8,245.91,29.27,43.85
2.409,0.0,26.81,0,0.565,8.25,69.9,10.0,1,632,12.5,242.4,16.98,50.0
6.244,0.0,8.46,1,0.577,6.89,42.3,10.94,1,644,15.8,315.6,33.56,36.11
6.742,0.0,12.76,0,0.668,4.34,3.2,9.2,4,309,18.4,101.72,16.58,39.92
3.05,12.5,4.22,0,0.41,5.36,44.7,12.04,6,498,17.8,214.78,6.39,50.0
7.396,25.0,10.46,0,0.634,7.09,16.2,3.73,24,235,16.2,77.56,8.41,50.0
6.823,40.0,5.61,1,0.72,8.71,60.8,4.81,6,486,16.2,64.41,17.81,50.0
5.52,12.5,25.34,0,0.72,6.13,22.9,6.53,6,564,14.1,73.13,37.63,24.66
2.795,0.0,15.48,0,0.522,4.77,59.4,9.8,1,210,14.0,112.76,9.1,50.0
0.293,95.0,7.14,0,0.391,8.01,91.2,1.24,3,568,18.5,351.26,13.52,50.0
4.474,40.0,22.36,0,0.841,8.69,99.8,11.14,2,301,13.4,366.8,30.41,50.0
7.102,40.0,9.08,1,0.859,5.02,6.5,8.08,4,481,19.9,130.06,2.97,50.0
3.089,95.0,26.65,1,0.483,4.21,48.1,8.63,2,351,17.1,298.19,24.87,49.11
2.332,80.0,5.33,0,0.637,6.22,95.7,6.45,7,217,14.1,355.18,17.73,50.0
5.449,60.0,24.5,0,0.838,5.67,56.0,2.54,2,482,16.4,139.54,22.61,38.55
1.275,60.0,12.68,1,0.58,7.82,33.1,5.4,3,632,14.3,256.14,14.29,50.0
5.61,95.0,15.26,0,0.765,8.43,11.6,1.82,1,385,15.3,267.95,10.25,50.0
9.708,25.0,5.65,0,0.869,7.56,74.5,11.49,1,486,14.8,137.58,37.88,34.19
8.166,0.0,13.24,0,0.804,4.94,72.9,3.41,4,708,17.9,219.33,18.34,20.75
7.651,0.0,8.95,0,0.59,8.51,42.9,6.04,24,210,15.7,229.21,5.75,50.0
1.518,40.0,9.68,1,0.589,7.56,76.8,8.94,5,513,17.9,225.27,2.19,50.0
8.291,40.0,15.84,1,0.86,4.82,40.3,7.15,4,666,13.1,226.04,17.71,31.57
1.541,0.0,18.72,0,0.396,7.25,49.9,3.15,2,575,14.8,92.49,25.4,47.32
8.092,95.0,0.8,0,0.801,5.85,17.4,2.27,24,608,16.8,27.29,36.34,21.34
6.409,12.5,8.86,1,0.458,6.68,32.4,3.33,8,462,14.0,393.36,17.49,50.0
5.81,12.5,14.7,1,0.606,6.68,74.3,4.31,8,535,19.0,282.45,12.01,50.0
8.265,0.0,11.71,0,0.821,7.47,46.9,11.47,3,277,15.9,375.34,9.87,50.0
5.766,95.0,8.38,0,0.722,7.41,23.3,6.68,24,304,22.0,30.38,4.89,50.0
1.219,80.0,4.95,0,0.628,6.11,9.2,8.99,8,570,15.4,158.5,8.19,50.0
7.239,0.0,9.33,1,0.618,4.14,55.7,3.79,8,323,16.7,110.79,6.97,48.27
5.558,0.0,8.44,1,0.463,7.16,3.1,4.14,8,546,13.8,283.55,34.03,43.07
2.097,0.0,23.09,0,0.571,5.34,7.1,1.05,7,386,21.3,148.7,9.83,49.58
5.188,0.0,9.6,0,0.713,4.12,96.0,2.11,3,351,12.4,203.41,31.18,26.08
5.926,12.5,25.73,1,0.84,4.4,23.0,5.1,3,195,16.0,125.52,15.4,42.64
5.04,25.0,18.05,0,0.402,8.23,42.3,9.83,8,284,19.1,314.05,35.12,50.0
6.081,0.0,16.7,1,0.712,8.66,70.0,4.82,6,673,12.7,7.0,34.75,41.73
2.857,12.5,14.09,0,0.494,6.88,89.9,4.55,7,429,18.2,23.78,14.86,50.0
6.799,12.5,17.84,0,0.832,6.79,94.7,9.5,6,317,14.8,255.45,29.14,45.02
5.249,25.0,20.76,0,0.795,5.46,25.7,7.2,4,407,18.1,151.41,12.9,42.97
1.811,80.0,2.39,0,0.406,8.76,94.0,2.44,3,389,14.4,31.02,27.82,50.0
4.614,12.5,11.95,0,0.529,6.68,96.8,3.32,8,261,21.5,142.72,14.98,50.0
1.505,60.0,21.03,1,0.39,5.71,85.7,9.73,5,336,17.5,69.74,15.08,50.0
2.422,95.0,16.86,0,0.543,7.37,21.2,11.54,1,193,20.6,289.88,14.85,50.0
3.079,60.0,26.7,0,0.568,5.34,98.8,1.82,1,307,15.8,224.49,8.19,50.0
6.232,40.0,14.26,1,0.691,5.64,7.7,5.43,7,432,14.4,13.7,31.09,40.65
6.183,0.0,7.56,1,0.843,4.54,26.2,7.65,3,192,13.2,36.64,27.33,40.53
9.774,0.0,14.5,0,0.809,4.63,43.8,8.96,24,571,17.9,291.3,28.84,19.89
2.865,0.0,17.68,0,0.779,5.15,22.5,9.61,5,186,21.9,324.02,1.06,50.0
6.166,95.0,11.75,0,0.739,4.65,38.7,9.1,4,678,13.8,376.45,17.67,37.66
1.381,0.0,20.75,0,0.507,8.31,42.1,8.21,2,350,12.8,34.02,5.61,50.0
3.543,12.5,13.4,0,0.385,5.13,95.6,8.65,1,279,14.1,314.26,14.9,50.0
5.111,25.0,25.67,1,0.751,6.82,35.0,8.84,6,502,20.2,373.48,25.61,40.16
3.998,40.0,24.07,0,0.382,8.15,41.4,10.61,3,206,18.0,344.91,11.34,50.0
6.738,40.0,12.7,1,0.632,7.1,2.3,8.34,6,197,18.3,346.67,36.88,49.44
3.66,12.5,16.88,1,0.742,7.77,36.1,11.8,8,282,19.3,116.63,8.22,50.0
5.259,95.0,1.36,1,0.77,5.31,68.0,7.31,8,352,21.0,379.06,18.84,46.07
3.596,0.0,20.84,0,0.432,8.77,4.9,11.68,6,572,19.7,87.47,10.53,50.0
3.689,0.0,18.47,1,0.424,7.26,87.5,11.72,2,531,15.8,284.75,28.23,50.0
2.64,95.0,26.59,1,0.776,4.92,13.3,2.01,2,528,19.4,371.98,28.55,34.94
2.434,40.0,26.26,0,0.532,6.75,20.6,5.46,7,507,19.7,316.53,35.56,40.52
6.32,12.5,3.38,0,0.644,6.1,16.2,11.84,4,691,18.8,58.51,11.49,48.79
8.461,0.0,16.67,0,0.626,7.24,28.8,10.75,8,400,17.0,279.47,14.94,50.0
4.704,12.5,23.4,0,0.723,4.06,86.8,3.06,8,581,15.0,323.48,34.76,11.37
5.586,60.0,9.61,1,0.865,7.59,40.3,7.07,5,469,19.0,77.43,32.68,40.01
5.585,0.0,23.44,0,0.604,4.62,15.5,9.0,5,328,14.1,319.25,8.24,50.0
3.262,0.0,18.81,0,0.565,8.71,68.6,2.93,1,278,15.6,188.08,35.97,50.0
4.94,40.0,16.52,0,0.687,5.82,5.3,3.77,8,489,18.9,378.86,25.15,39.45
1.752,0.0,21.5,1,0.515,7.07,38.0,2.38,2,304,16.9,265.44,19.86,50.0
6.589,80.0,7.89,0,0.769,4.71,49.5,8.41,7,485,17.7,39.47,3.35,50.0
6.324,0.0,11.44,0,0.573,7.89,78.8,7.1,2,711,20.4,213.92,31.3,35.21
1.868,12.5,26.57,0,0.469,6.8,19.6,7.38,6,305,12.4,228.25,25.15,50.0
6.996,0.0,2.78,0,0.628,5.62,55.4,5.87,1,434,15.0,375.55,20.22,41.91
3.896,80.0,4.28,1,0.721,6.41,98.6,5.05,24,702,14.1,39.3,31.33,35.85
8.425,25.0,23.61,0,0.849,6.81,23.2,5.13,3,612,12.7,101.2,15.13,44.37
6.838,0.0,26.01,1,0.841,4.52,22.0,8.24,5,377,19.1,223.71,24.97,27.76
2.687,0.0,9.04,1,0.566,8.62,26.3,4.11,24,292,18.8,161.45,13.19,50.0
5.811,25.0,4.45,0,0.514,4.29,98.0,3.56,2,306,13.8,289.07,12.34,47.6
4.704,95.0,9.92,0,0.65,6.84,89.9,2.96,7,365,15.5,294.22,36.82,43.03
5.0,60.0,13.38,0,0.507,7.23,71.9,8.56,3,567,17.7,106.12,34.98,40.17
9.091,12.5,18.81,1,0.726,4.72,98.7,10.18,24,473,14.8,169.78,35.84,24.55
3.006,25.0,17.66,0,0.844,5.83,32.6,2.04,2,258,19.3,375.02,7.11,50.0
7.287,95.0,25.6,0,0.851,5.92,51.9,9.4,8,689,17.2,396.09,33.86,26.0
8.723,12.5,25.09,0,0.73,7.31,75.5,3.81,24,223,18.1,382.87,25.96,44.25
5.157,12.5,5.22,0,0.791,6.37,95.3,5.86,7,354,15.7,44.94,34.82,33.46
7.028,0.0,8.33,1,0.524,4.87,74.3,7.54,4,492,21.3,380.68,20.07,38.53
1.765,80.0,2.05,0,0.682,5.44,36.7,1.06,3,591,15.5,40.22,19.21,45.6
2.476,0.0,11.59,1,0.383,7.65,26.5,6.41,6,486,15.6,354.11,20.85,50.0
3.52,80.0,4.87,0,0.746,3.83,88.6,9.16,2,374,14.8,53.06,16.58,41.11
5.13,12.5,26.11,0,0.438,6.25,50.6,8.84,3,512,19.5,309.72,15.8,50.0
7.24,60.0,4.05,0,0.768,4.43,35.7,1.16,4,233,18.8,135.8,37.13,22.12
4.825,25.0,8.12,0,0.753,5.04,16.9,6.88,4,467,19.7,342.99,37.79,24.39
3.462,12.5,13.3,0,0.724,6.31,19.8,12.41,3,414,13.2,159.27,11.13,50.0
7.205,0.0,17.14,0,0.804,5.7,53.4,9.05,4,407,15.4,190.19,19.86,38.5
3.828,25.0,10.32,0,0.729,5.03,89.7,3.09,1,233,18.6,127.66,11.56,50.0
5.818,60.0,5.49,1,0.558,5.32,11.5,1.16,24,313,15.3,294.22,14.37,50.0
2.11,40.0,6.93,0,0.483,5.72,88.9,2.5,2,222,17.9,362.04,25.21,50.0
7.332,0.0,2.52,0,0.528,6.17,76.6,7.14,3,224,13.3,165.99,27.33,48.45
3.408,95.0,26.83,0,0.6,7.39,91.3,1.78,7,716,21.3,199.99,1.81,50.0
6.296,0.0,8.32,0,0.769,7.27,74.6,5.57,24,705,21.7,65.69,28.78,29.15
5.58,60.0,16.89,0,0.47,4.6,23.3,9.01,24,646,17.0,286.0,10.58,45.81
2.736,25.0,15.41,0,0.49,6.47,30.6,8.36,5,316,14.7,313.8,24.77,50.0
3.676,95.0,3.64,0,0.69,8.66,33.8,11.88,24,450,19.2,162.07,23.62,50.0
6.745,0.0,22.75,0,0.738,5.2,27.1,1.18,2,571,21.5,102.14,24.17,20.33
2.906,80.0,6.46,0,0.48,6.95,86.1,5.55,8,417,19.3,172.22,6.49,50.0
3.499,80.0,5.5,0,0.473,6.25,73.5,8.45,1,497,13.6,70.54,15.59,50.0
8.516,0.0,12.01,1,0.825,8.65,11.8,7.06,1,282,15.8,8.22,31.58,50.0
2.607,0.0,4.07,0,0.511,8.49,60.8,10.11,1,288,17.4,324.77,32.55,50.0
1.615,80.0,22.52,0,0.543,4.57,7.5,8.96,24,306,12.2,17.67,21.15,50.0
3.402,60.0,4.33,0,0.392,5.94,16.4,8.54,4,573,18.9,283.72,34.36,43.08
5.269,12.5,3.25,0,0.555,6.88,13.6,11.62,2,224,18.0,70.68,20.63,50.0
3.896,0.0,24.61,0,0.686,5.24,87.8,4.12,8,557,21.3,321.77,27.32,20.81
3.434,0.0,21.5,0,0.537,5.75,72.7,10.03,8,248,13.1,169.66,27.89,47.73
3.96,0.0,5.41,1,0.553,6.27,49.2,12.19,6,321,20.0,259.55,10.1,50.0
1.168,95.0,13.8,0,0.568,6.7,43.3,7.65,4,269,14.4,1.14,37.77,50.0
9.127,0.0,25.36,0,0.827,5.6,85.2,9.95,3,481,16.6,331.51,21.41,31.27
3.46,12.5,22.85,0,0.746,4.39,70.2,2.65,1,614,15.7,278.39,25.52,27.43
3.831,0.0,1.32,0,0.449,5.03,3.2,10.56,7,333,19.7,186.45,6.18,50.0
2.636,80.0,11.61,0,0.598,7.02,3.3,2.28,1,212,18.0,68.89,6.93,50.0
3.613,80.0,15.46,0,0.83,6.31,71.5,5.87,3,458,21.7,206.98,37.18,28.01
5.18,0.0,6.41,0,0.783,8.68,61.3,1.89,8,668,15.1,254.77,31.61,40.67
0.0,60.0,5.76,0,0.431,5.61,78.3,4.86,4,468,13.6,42.26,8.84,50.0
7.38,12.5,15.4,0,0.498,4.23,57.9,1.52,8,226,12.5,37.0,12.42,50.0
6.244,60.0,14.01,0,0.748,7.43,97.4,9.08,2,519,16.1,294.28,4.74,50.0
5.476,60.0,13.38,0,0.522,4.56,47.4,11.18,2,417,20.8,320.49,25.21,35.13
1.605,95.0,14.44,0,0.599,4.46,30.5,8.17,7,220,20.9,307.27,15.34,50.0
2.688,0.0,26.37,1,0.428,3.87,77.1,4.56,2,690,12.9,124.51,35.56,21.05
3.502,40.0,10.04,0,0.468,7.66,27.3,6.44,5,632,18.5,55.74,5.59,50.0
6.313,25.0,11.33,0,0.596,6.36,63.2,4.61,2,603,17.1,104.32,33.39,30.5
7.674,0.0,20.51,0,0.723,6.6,17.1,2.21,7,342,17.7,338.88,9.25,50.0
6.14,40.0,13.08,1,0.433,4.7,12.6,12.03,7,623,14.0,130.47,12.74,50.0
3.766,80.0,3.59,1,0.399,4.58,48.1,8.36,6,212,21.9,307.28,3.31,50.0
6.621,80.0,6.26,0,0.805,8.56,69.0,4.1,3,265,13.4,108.71,4.02,50.0
3.51,60.0,14.67,0,0.47,4.07,89.7,5.93,5,348,14.0,373.86,18.82,49.66
7.498,60.0,10.08,1,0.783,6.6,89.6,3.28,3,511,18.6,326.85,28.17,38.14
8.452,0.0,4.56,1,0.838,6.3,33.0,10.11,7,449,17.2,1.46,17.67,41.63
3.178,80.0,17.75,0,0.398,7.53,20.4,9.01,3,566,14.2,83.25,8.07,50.0
4.548,40.0,22.47,0,0.528,5.33,82.3,2.43,8,646,16.1,139.6,31.64,31.6
5.538,40.0,3.56,0,0.605,5.67,56.2,2.87,7,570,14.9,261.8,26.17,37.51
6.006,0.0,27.37,0,0.424,3.88,93.4,2.19,24,282,18.3,199.78,30.82,28.46
6.943,12.5,6.52,1,0.65,4.37,85.9,11.93,6,655,16.1,325.62,27.04,22.62
0.375,40.0,21.62,0,0.511,7.09,32.1,11.38,7,427,12.0,360.81,2.21,50.0
5.109,95.0,22.64,0,0.544,8.6,99.3,3.78,7,377,18.2,156.11,2.91,50.0
5.383,60.0,26.89,0,0.578,5.39,17.5,3.66,3,696,13.2,228.99,15.5,48.34
3.931,95.0,4.79,0,0.48,4.27,44.9,8.23,3,208,18.2,215.78,36.98,34.51
6.603,0.0,27.05,0,0.471,7.06,23.7,3.23,4,567,19.7,261.66,11.17,50.0
5.775,0.0,3.5,0,0.432,5.21,89.7,2.07,8,550,21.1,82.54,4.72,44.74
3.497,80.0,26.4,0,0.483,5.9,89.2,8.29,8,344,13.8,4.02,7.61,50.0
3.435,0.0,3.66,0,0.867,6.22,62.2,7.28,3,714,19.4,367.76,8.14,39.34
4.297,95.0,21.05,0,0.805,4.37,23.3,4.77,4,265,19.3,373.03,10.9,50.0
3.754,40.0,19.62,0,0.609,7.85,44.7,11.88,4,436,13.7,272.69,33.83,50.0
6.468,25.0,4.97,0,0.847,6.24,88.5,5.87,5,506,18.2,241.04,16.88,38.96
7.133,0.0,12.63,0,0.849,5.07,42.2,7.94,24,540,16.0,45.5,30.93,19.46
2.803,12.5,2.46,0,0.562,7.7,14.0,4.66,1,516,14.1,225.23,12.9,50.0
2.324,25.0,16.75,0,0.43,5.19,61.6,11.16,2,611,18.8,172.73,31.1,30.96
6.034,80.0,13.96,0,0.586,4.42,18.8,4.76,7,422,17.8,113.13,24.82,40.99
1.242,80.0,8.18,1,0.398,6.47,53.7,4.88,1,251,16.7,329.37,16.36,50.0
2.829,40.0,11.31,0,0.622,4.04,31.2,12.32,8,304,20.4,372.17,4.8,50.0
7.668,0.0,3.34,0,0.802,7.42,24.2,2.01,6,185,21.3,344.52,10.61,50.0
5.373,25.0,2.53,0,0.717,7.76,39.2,9.03,3,651,13.2,126.74,6.48,50.0
5.312,60.0,17.7,0,0.636,5.0,48.8,6.64,5,509,19.7,191.59,4.4,50.0
4.821,40.0,15.58,0,0.703,7.48,22.2,1.9,8,241,14.1,266.12,18.32,50.0
8.5,40.0,6.13,0,0.753,5.36,46.5,2.77,24,288,21.1,86.84,14.45,44.21
0.0,95.0,5.98,1,0.472,5.19,18.1,4.53,2,330,16.6,42.54,5.08,50.0
3.803,25.0,1.27,1,0.552,4.39,55.9,5.08,4,334,16.0,171.0,13.35,50.0
7.821,0.0,18.01,1,0.475,4.75,19.3,4.17,8,711,16.3,270.35,24.91,25.67
6.115,0.0,24.67,0,0.497,6.46,29.0,11.15,7,581,15.9,87.27,31.49,37.57
8.123,0.0,21.71,0,0.692,7.33,30.2,1.04,3,695,21.1,246.92,28.35,28.14
1.893,0.0,9.01,0,0.462,5.46,46.6,12.07,8,618,15.3,70.46,10.76,50.0
2.892,0.0,16.54,1,0.666,6.24,26.3,2.26,1,477,20.4,208.48,7.19,50.0
6.241,25.0,22.21,0,0.602,7.47,99.0,3.96,8,439,15.6,5.38,14.05,50.0
2.758,80.0,3.54,0,0.452,5.85,23.6,12.43,6,689,12.3,229.24,26.74,47.78
4.928,0.0,5.73,1,0.693,8.63,88.0,8.81,8,719,13.7,361.31,13.91,50.0
6.682,25.0,8.85,0,0.664,7.31,83.7,2.41,8,535,14.9,384.78,19.46,46.66
3.847,0.0,14.63,0,0.686,7.12,31.8,4.31,5,195,16.5,86.26,31.54,47.47
5.296,0.0,12.12,0,0.404,4.49,88.1,10.03,24,338,21.5,283.07,6.28,50.0
3.638,0.0,8.35,0,0.612,5.57,81.5,8.33,7,588,21.7,38.95,10.67,41.97
6.016,60.0,18.83,0,0.774,4.5,77.2,3.88,7,384,15.0,33.97,21.97,36.49
3.518,60.0,21.62,1,0.427,6.43,70.0,6.79,6,659,15.5,185.17,36.57,43.28
3.402,0.0,26.35,1,0.423,4.5,90.9,10.05,24,562,13.3,215.62,21.93,44.8
4.13,60.0,3.9,0,0.607,7.61,52.8,10.65,2,236,14.7,391.41,4.96,50.0
1.149,80.0,19.15,0,0.44,6.72,52.1,9.24,4,708,13.4,293.87,19.33,50.0
6.578,0.0,8.62,0,0.732,8.48,81.0,8.17,4,297,12.7,60.73,33.56,47.77
6.493,0.0,13.29,1,0.571,8.43,31.4,6.56,3,420,20.4,216.99,31.4,50.0
7.829,0.0,12.17,0,0.471,7.89,66.4,2.96,24,385,16.8,115.12,25.7,48.41
7.301,25.0,11.06,0,0.607,7.87,16.5,4.26,2,578,12.1,120.17,24.87,50.0
8.6,0.0,25.02,0,0.852,6.14,72.9,4.18,3,546,17.0,341.74,8.8,41.28
1.274,95.0,2.19,0,0.552,7.4,35.3,9.22,3,465,19.8,261.34,35.17,50.0
4.497,80.0,10.67,1,0.677,4.7,71.4,6.83,24,445,13.3,128.63,36.34,35.38
7.637,60.0,2.32,0,0.797,4.6,11.5,2.22,8,511,19.6,389.49,30.92,18.43
7.033,0.0,20.16,1,0.75,5.9,8.3,8.04,2,218,20.5,28.93,29.24,42.27
2.429,0.0,9.17,1,0.565,8.74,58.2,3.3,5,682,16.4,113.55,8.44,50.0
5.01,12.5,2.82,0,0.688,7.14,21.9,10.32,1,548,19.7,225.56,32.99,38.12
6.801,95.0,13.9,0,0.659,6.17,36.5,8.11,24,321,20.0,174.19,24.14,49.08
3.908,0.0,21.62,0,0.429,6.29,7.0,7.22,1,409,20.2,115.06,31.64,39.45
6.433,0.0,26.64,0,0.642,5.01,52.7,8.03,5,588,18.2,216.68,34.0,23.69
5.97,25.0,18.14,0,0.546,5.1,34.8,9.79,3,389,17.5,291.27,35.19,34.65
1.131,12.5,13.83,0,0.549,4.15,42.8,9.5,2,670,21.5,107.36,2.54,47.35
7.111,40.0,12.15,0,0.763,8.18,24.3,11.71,1,380,17.3,341.45,26.23,50.0
4.3,0.0,10.95,1,0.721,5.95,43.8,2.58,8,300,21.0,389.97,14.61,49.01
8.211,0.0,6.93,0,0.668,4.94,75.3,11.22,24,226,21.9,5.91,27.63,27.54
0.817,0.0,12.34,0,0.401,5.55,66.2,3.81,5,312,18.1,190.0,5.53,50.0
4.338,95.0,6.06,0,0.82,8.09,45.5,4.48,6,479,20.7,96.93,34.04,43.9
4.669,0.0,1.96,1,0.726,6.91,29.4,3.34,3,713,14.3,294.46,8.8,50.0
8.828,0.0,1.47,0,0.722,7.05,46.5,2.31,8,214,14.7,233.47,12.12,50.0
6.921,60.0,13.87,1,0.568,4.02,22.2,3.12,7,233,18.6,12.43,29.23,38.92
7.715,40.0,25.41,0,0.777,6.75,76.2,4.92,7,617,19.8,368.55,28.84,29.44
1.167,25.0,23.68,1,0.588,7.4,77.4,3.99,7,658,19.5,367.0,5.88,50.0
7.489,25.0,2.81,0,0.758,5.28,58.0,1.44,5,550,14.7,99.43,25.16,24.37
6.371,25.0,15.85,0,0.79,8.04,45.5,1.2,1,657,12.4,142.38,24.6,43.0
6.771,0.0,7.96,0,0.847,6.0,27.3,10.05,5,686,13.3,250.18,6.44,44.26
3.6,0.0,18.17,0,0.715,8.1,58.8,1.48,4,242,21.5,393.71,37.09,43.2
7.125,40.0,15.09,0,0.674,5.55,9.6,6.1,24,259,14.4,129.31,14.74,50.0
1.374,60.0,24.15,0,0.392,6.83,37.3,12.21,6,661,21.4,116.71,2.15,50.0
5.66,0.0,25.12,0,0.432,4.86,32.7,9.23,24,532,21.4,150.36,22.56,31.24
5.117,0.0,26.29,0,0.657,8.79,63.8,9.44,24,304,20.5,209.47,2.9,50.0
2.791,80.0,9.06,0,0.79,5.27,25.9,3.8,6,416,16.6,296.96,5.27,50.0
7.836,60.0,10.27,0,0.655,4.18,37.5,6.57,4,639,19.9,91.19,31.63,20.84
3.458,12.5,21.46,1,0.71,7.13,61.3,10.15,6,501,13.2,162.13,19.69,50.0
5.161,12.5,24.8,1,0.388,4.4,27.8,7.38,8,283,13.3,13.52,16.96,50.0
6.853,0.0,14.4,1,0.823,5.57,41.4,7.4,5,301,15.4,327.33,13.46,47.3
8.261,0.0,2.49,0,0.845,8.35,63.8,9.52,7,476,19.6,277.88,28.14,40.91
2.691,95.0,2.76,0,0.671,5.65,65.6,5.36,8,360,17.1,233.41,35.96,37.67
3.408,40.0,1.8,1,0.52,5.72,76.2,11.97,1,395,16.3,110.44,33.54,43.6
2.926,0.0,3.7,0,0.618,4.92,18.6,11.8,5,288,21.2,264.51,6.22,50.0
8.1,0.0,1.24,0,0.85,6.5,80.3,1.08,1,558,14.0,373.8,22.13,32.82
5.74,80.0,8.46,0,0.731,8.4,13.8,11.22,8,449,12.9,54.3,11.3,50.0
6.651,0.0,20.6,0,0.736,5.44,51.7,4.18,24,255,19.1,124.95,35.22,29.93
6.855,95.0,9.07,0,0.845,6.94,26.1,7.74,4,380,14.7,60.1,31.11,44.36
5.406,12.5,17.64,0,0.846,8.09,75.4,1.04,2,682,17.6,82.77,7.59,49.87
5.421,60.0,17.54,0,0.692,6.22,66.4,3.07,5,417,20.8,265.12,19.14,45.29
2.064,95.0,13.49,0,0.487,8.61,89.9,9.79,7,637,15.3,262.91,5.29,50.0
4.305,0.0,9.88,1,0.725,7.67,49.4,10.25,8,601,18.9,11.5,10.91,50.0
2.931,60.0,2.14,0,0.508,5.39,40.4,6.08,7,446,21.1,106.5,27.94,42.53
7.195,25.0,12.59,0,0.661,4.63,22.2,8.19,6,312,18.0,7.91,27.72,29.95
7.95,40.0,25.13,0,0.701,6.39,37.5,3.28,3,585,20.6,91.02,30.65,25.85
4.646,12.5,15.43,0,0.841,3.98,4.0,11.81,2,693,16.0,192.46,6.81,37.16
7.659,12.5,1.41,0,0.778,5.69,41.3,10.41,5,266,12.8,200.24,27.03,38.15
1.945,95.0,16.83,0,0.427,6.74,40.3,10.56,5,511,16.3,295.09,12.18,50.0
2.586,80.0,10.67,1,0.426,8.63,57.0,6.56,24,698,14.4,6.83,19.39,50.0
4.469,95.0,19.79,1,0.49,8.68,40.9,3.67,6,668,17.6,255.13,13.3,50.0
8.035,0.0,15.64,0,0.804,6.25,26.5,2.63,8,715,19.2,224.9,9.6,34.59
2.424,25.0,20.49,0,0.398,7.24,60.7,11.02,5,394,19.6,315.41,21.19,50.0
2.986,40.0,12.96,1,0.632,8.09,99.3,1.94,2,615,19.0,149.11,29.0,48.03
3.033,0.0,5.83,0,0.399,5.92,18.7,10.24,8,323,19.5,217.14,15.78,50.0
6.358,25.0,19.94,0,0.636,6.88,38.4,8.48,3,477,17.2,81.15,23.72,46.2
4.895,25.0,13.25,0,0.839,8.44,72.6,10.8,3,348,17.2,329.19,1.36,50.0
3.299,0.0,27.32,0,0.533,4.74,70.0,7.18,6,276,12.6,186.02,6.79,50.0
6.19,12.5,9.81,0,0.835,5.17,82.4,10.98,5,556,18.2,160.06,10.43,41.7
5.235,0.0,16.5,0,0.738,5.2,27.8,2.18,24,572,15.3,306.4,22.91,33.43
6.866,80.0,6.15,0,0.764,8.75,11.0,10.24,3,326,13.6,347.13,12.96,50.0
3.493,95.0,22.3,1,0.706,5.44,51.0,2.35,24,582,15.8,153.02,18.56,48.14
5.631,95.0,2.61,0,0.848,8.53,83.7,9.18,7,632,16.9,313.14,26.36,49.82
3.568,40.0,5.31,0,0.799,7.65,35.9,5.88,24,375,15.8,71.05,28.66,50.0
0.404,95.0,5.76,0,0.541,8.36,91.7,6.78,1,459,12.3,109.13,18.71,50.0
7.216,25.0,7.9,0,0.856,7.92,86.6,11.67,8,682,13.7,297.65,24.96,39.64
7.063,40.0,1.28,0,0.726,4.68,85.4,1.95,2,237,16.4,282.03,12.63,43.15
6.434,12.5,18.19,0,0.543,7.16,90.2,11.32,3,555,17.2,373.3,15.92,50.0
9.076,0.0,5.71,0,0.737,4.22,45.5,4.17,4,697,16.1,252.15,32.16,7.87
1.864,95.0,9.97,0,0.608,7.98,10.4,11.7,2,299,21.2,72.43,4.2,50.0
3.171,0.0,21.2,0,0.487,5.67,10.0,9.33,4,495,20.4,254.94,34.35,35.11
5.129,0.0,8.88,1,0.726,4.69,15.8,4.63,4,372,14.7,79.07,37.23,26.64
4.713,0.0,13.73,0,0.551,7.01,46.1,8.26,3,217,21.5,232.28,6.76,50.0
1.548,60.0,9.87,0,0.482,7.3,51.4,10.54,5,272,17.1,83.64,9.08,50.0
1.199,95.0,18.27,0,0.613,6.14,33.7,7.48,1,510,19.0,249.84,33.17,42.77
3.393,40.0,9.59,0,0.472,5.59,17.9,7.29,1,629,20.1,181.16,22.31,40.41
5.464,12.5,7.32,0,0.674,6.21,41.3,1.46,4,699,13.1,169.04,10.97,46.67
3.275,0.0,14.33,0,0.814,8.63,94.4,3.28,3,313,18.6,312.98,2.99,50.0
5.099,0.0,22.14,1,0.574,6.1,66.5,3.3,3,488,15.1,73.27,32.74,37.44
5.523,0.0,18.99,0,0.382,4.6,11.8,7.32,7,397,21.1,265.3,31.76,31.73
9.097,0.0,10.96,0,0.754,4.47,77.8,11.33,7,583,17.3,137.67,25.79,16.97
2.661,0.0,21.23,0,0.558,6.31,2.2,7.89,7,259,18.5,54.8,7.95,50.0
4.967,40.0,10.87,0,0.589,5.22,39.9,10.44,1,447,21.6,167.39,7.05,50.0
4.025,80.0,22.27,0,0.716,4.31,86.5,10.24,1,344,15.2,228.09,15.21,49.63
4.139,60.0,11.91,0,0.528,5.09,64.1,7.94,8,694,15.7,187.95,13.4,45.25
6.502,0.0,26.98,1,0.806,4.2,2.7,11.9,5,382,17.1,243.9,33.27,26.25
3.042,0.0,3.78,1,0.606,4.05,60.7,5.25,7,525,18.7,304.36,1.87,48.06
4.919,60.0,0.97,0,0.526,3.98,12.9,9.42,24,585,14.5,33.36,4.5,50.0
6.113,60.0,24.6,0,0.856,7.24,25.9,10.49,24,649,12.4,129.62,2.42,50.0
6.628,0.0,10.81,0,0.546,6.98,31.6,5.61,3,443,19.2,294.77,3.93,50.0
4.684,12.5,15.91,0,0.682,6.5,79.8,8.98,1,563,17.7,85.42,35.61,31.69
3.618,0.0,7.98,0,0.676,8.35,68.5,4.14,7,392,12.2,164.45,5.8,50.0
6.083,40.0,3.12,0,0.389,5.42,8.2,4.31,8,610,18.3,130.48,15.39,41.31
6.885,40.0,9.13,1,0.454,8.07,50.9,7.12,3,579,14.6,12.81,32.53,50.0
1.002,95.0,27.09,0,0.482,8.72,38.2,4.36,6,642,18.7,11.73,24.12,50.0
3.811,60.0,11.72,0,0.748,5.22,74.9,12.38,7,314,15.8,376.59,5.57,50.0
6.097,0.0,15.91,0,0.804,7.63,98.5,12.26,24,598,15.5,86.43,34.32,36.6
4.457,0.0,18.43,0,0.626,6.46,24.1,5.65,8,473,20.3,178.39,35.18,29.41
2.145,95.0,22.91,1,0.702,7.22,11.6,7.67,7,608,16.1,252.59,23.9,50.0
8.949,0.0,16.69,1,0.843,5.43,26.5,7.55,8,273,21.5,9.02,23.25,34.03
3.316,95.0,23.81,0,0.604,7.42,25.5,6.43,4,510,13.3,25.72,2.14,50.0
6.166,80.0,27.22,0,0.857,6.3,12.9,7.95,6,343,14.4,286.58,3.58,50.0
7.827,60.0,23.91,1,0.802,4.15,42.9,3.99,24,303,19.2,240.91,37.6,20.78
4.774,0.0,8.41,1,0.786,7.43,5.9,5.59,24,630,16.3,49.24,6.4,50.0
6.758,0.0,19.99,0,0.582,5.5,91.5,10.15,4,450,13.0,254.82,3.74,50.0
2.462,12.5,20.94,0,0.525,6.02,79.2,9.04,5,216,19.6,58.75,11.67,50.0
6.49,40.0,19.77,0,0.843,4.59,64.1,6.47,8,481,13.5,319.58,5.76,49.97
6.441,25.0,17.69,0,0.797,6.72,16.5,1.14,6,700,19.5,395.36,16.02,34.85
7.113,40.0,17.88,0,0.636,5.69,92.8,8.46,24,673,13.8,356.07,1.53,50.0
6.822,25.0,6.07,0,0.516,7.69,79.3,8.47,6,690,16.6,362.25,34.53,38.84
4.508,95.0,24.75,0,0.558,3.96,63.4,11.95,24,248,14.7,381.68,32.32,38.06
4.478,0.0,12.56,0,0.5,7.79,19.9,11.77,4,413,18.9,181.01,2.49,50.0
5.78,0.0,20.56,0,0.824,4.46,31.7,3.39,4,668,16.6,213.11,29.91,16.53
2.53,12.5,13.41,1,0.421,4.79,55.2,3.47,8,487,17.7,230.88,32.86,36.64
5.96,12.5,16.4,1,0.866,5.06,41.9,4.11,3,516,17.1,204.09,36.2,23.38
3.488,12.5,9.71,0,0.687,4.36,76.1,3.1,1,506,20.9,202.24,19.34,31.91
4.292,25.0,3.05,1,0.548,7.23,82.6,3.23,2,417,14.1,199.16,12.84,50.0
8.606,25.0,25.54,0,0.66,4.57,17.3,9.81,3,341,18.1,62.37,36.4,25.12
2.838,60.0,21.55,0,0.492,5.11,93.6,10.6,6,328,15.1,288.43,31.68,42.96
3.58,60.0,21.09,0,0.753,5.82,96.9,5.07,3,647,19.7,7.73,27.06,32.82
1.433,25.0,22.98,0,0.538,7.75,33.9,7.44,4,400,18.2,174.68,11.14,50.0
3.181,80.0,25.92,1,0.847,8.53,78.6,5.49,8,435,14.8,240.8,14.88,50.0
6.663,25.0,15.02,1,0.833,4.36,15.2,9.62,6,603,20.2,346.87,22.82,27.8
5.974,80.0,7.12,0,0.653,7.89,69.6,2.62,2,501,21.6,143.37,29.59,40.81
3.945,40.0,13.14,1,0.557,4.79,97.2,3.98,1,323,13.2,163.04,15.66,49.89
0.0,95.0,2.13,0,0.388,5.99,5.1,6.8,6,683,14.8,132.47,3.48,50.0
3.925,95.0,21.58,0,0.771,8.03,10.6,11.61,4,254,19.7,171.04,11.24,50.0
3.843,0.0,18.06,0,0.469,6.68,46.5,9.98,7,201,16.0,116.61,24.08,50.0
3.882,40.0,12.03,0,0.799,6.72,77.2,7.12,4,543,20.9,283.75,22.34,38.07
2.79,25.0,5.4,0,0.641,8.52,5.9,2.46,6,250,15.3,125.16,9.51,50.0
7.417,60.0,27.26,0,0.839,4.89,36.8,2.58,8,306,20.3,148.88,17.43,39.74
1.966,60.0,1.83,1,0.576,4.83,39.3,10.37,2,359,17.1,229.53,20.11,50.0
2.914,80.0,20.5,0,0.747,5.38,20.7,12.33,24,548,16.8,201.92,35.96,33.71
3.381,60.0,11.31,0,0.554,8.53,84.0,5.99,5,414,22.0,33.52,24.81,50.0
3.894,25.0,20.2,0,0.402,8.04,19.4,1.11,24,339,13.4,186.47,2.44,50.0
3.395,25.0,10.54,1,0.783,5.9,19.1,6.96,3,365,15.7,367.11,30.1,40.99
5.215,60.0,17.38,0,0.685,3.94,4.5,1.33,8,215,19.3,57.29,16.08,45.0
2.476,95.0,5.08,0,0.387,8.29,11.0,12.36,2,667,16.6,164.74,34.23,50.0
4.295,0.0,8.91,1,0.821,5.08,33.6,7.21,2,669,16.9,329.86,22.14,32.01
6.935,0.0,6.59,0,0.744,7.39,29.7,8.07,4,411,14.5,289.75,12.14,50.0
2.234,95.0,14.46,0,0.752,4.46,43.4,8.6,1,574,18.3,315.22,37.24,27.04
2.901,12.5,4.87,0,0.386,6.2,86.1,3.16,7,642,21.9,179.87,10.72,50.0
5.511,95.0,25.44,0,0.868,4.73,35.4,11.03,24,647,18.6,265.13,13.67,37.09
5.353,40.0,12.02,0,0.853,4.43,24.3,6.26,2,303,17.5,117.37,33.31,26.45
6.67,0.0,26.59,0,0.575,8.51,99.9,3.24,4,197,14.0,295.53,20.45,50.0
2.677,95.0,14.68,0,0.644,7.27,99.7,2.92,3,282,18.8,251.99,32.78,50.0
6.702,0.0,15.1,1,0.801,5.19,96.0,11.91,5,579,21.0,385.79,34.07,16.69
3.387,25.0,0.51,0,0.727,7.14,22.5,9.43,2,240,19.6,55.69,18.79,50.0
3.804,12.5,11.06,0,0.697,5.75,21.0,10.59,2,411,21.6,109.63,34.03,33.89
6.677,0.0,6.06,0,0.709,7.6,3.1,2.35,5,716,13.0,249.47,18.43,43.72
3.461,0.0,15.11,1,0.455,8.2,75.9,9.28,5,221,15.8,353.68,5.17,50.0
7.261,80.0,20.98,0,0.636,4.24,73.7,12.04,6,427,20.7,263.9,31.96,26.56
3.133,0.0,23.86,0,0.793,7.46,90.7,8.36,6,609,18.7,99.72,14.2,50.0
1.105,80.0,7.05,1,0.488,5.97,28.0,12.47,8,564,18.1,345.46,25.7,50.0
6.489,0.0,16.04,0,0.854,4.99,58.9,9.16,7,583,19.2,15.82,24.94,23.31
2.847,95.0,1.51,1,0.778,6.94,78.2,8.69,1,401,17.7,9.58,36.0,50.0
5.943,0.0,20.18,0,0.556,7.22,36.5,12.1,5,636,19.8,128.8,26.87,42.57
8.832,0.0,6.15,0,0.743,7.57,78.5,2.98,8,271,15.3,244.65,28.37,40.26
6.857,25.0,3.24,0,0.693,5.36,50.7,3.14,7,387,14.6,280.77,13.97,49.12
5.354,0.0,26.4,0,0.388,4.75,32.4,6.82,24,483,19.6,213.63,15.72,39.64
9.079,0.0,19.71,1,0.798,4.53,35.3,5.07,3,574,13.0,379.47,31.14,18.96
4.277,0.0,9.24,0,0.597,4.0,55.7,8.68,5,206,16.9,330.72,37.38,25.16
5.173,12.5,4.43,0,0.499,3.9,62.0,10.64,7,376,16.1,336.53,22.49,40.83
4.367,60.0,20.66,0,0.774,5.12,38.3,11.35,4,507,17.4,30.58,26.65,39.62
3.047,12.5,21.98,0,0.427,8.39,98.6,9.15,24,501,13.0,327.96,9.43,50.0
3.054,95.0,22.67,0,0.608,6.67,7.2,8.12,8,626,12.6,395.23,1.82,50.0
6.259,40.0,13.37,0,0.411,5.57,95.6,4.18,5,208,19.1,194.8,27.06,47.56
4.818,12.5,18.37,0,0.644,7.17,34.4,7.55,24,596,13.4,214.17,26.21,41.57
7.214,0.0,19.73,0,0.668,7.67,9.0,1.73,7,345,19.3,98.75,23.26,44.21
4.542,0.0,1.3,1,0.737,5.46,11.2,5.64,7,597,15.8,188.29,32.35,27.84
7.169,0.0,19.6,0,0.625,4.72,41.3,3.61,2,527,16.5,37.32,10.54,35.69
1.835,95.0,2.1,0,0.427,3.81,98.5,1.14,6,573,15.1,317.54,22.02,35.41
6.899,0.0,5.59,1,0.469,4.89,35.8,11.03,3,563,17.7,353.81,27.14,31.46
4.686,0.0,22.49,1,0.395,3.99,54.7,12.02,2,499,21.4,42.78,26.27,29.96
4.866,0.0,13.94,0,0.869,8.4,93.9,11.68,24,578,19.8,374.68,25.74,41.22
7.533,0.0,6.97,1,0.472,5.82,37.1,11.54,8,281,20.5,36.1,25.23,46.5
0.0,95.0,14.59,0,0.518,4.48,76.8,4.37,7,593,16.4,32.7,1.88,50.0
3.202,60.0,8.76,0,0.758,7.29,53.7,1.48,2,494,20.9,296.82,22.14,45.14
7.631,0.0,14.93,0,0.854,5.72,36.5,7.18,7,700,17.2,70.76,14.72,36.18
4.701,0.0,12.85,0,0.817,7.36,9.2,3.34,4,195,12.5,151.41,34.31,44.86
5.201,12.5,18.31,0,0.862,8.74,83.0,5.28,7,225,13.6,237.64,24.01,50.0
2.115,25.0,6.03,0,0.581,3.85,82.7,5.34,4,679,14.5,4.14,26.62,28.62
7.078,0.0,18.4,0,0.415,4.37,17.6,10.1,2,367,17.4,66.43,28.38,35.53
6.041,60.0,8.19,0,0.52,6.65,12.6,2.37,4,268,17.5,197.64,5.7,50.0
6.285,0.0,3.51,0,0.788,4.72,76.7,10.27,4,626,18.2,173.89,6.28,35.36
3.756,95.0,21.2,0,0.757,7.42,6.3,1.16,3,529,20.6,99.54,7.49,50.0
7.686,0.0,11.07,0,0.844,6.33,24.1,8.21,6,629,12.3,174.85,32.21,26.64
1.771,0.0,4.37,0,0.408,7.22,42.2,7.14,3,509,15.7,56.95,4.84,50.0
6.678,0.0,22.47,0,0.8,7.61,5.4,7.27,1,667,21.4,255.92,11.45,46.34
4.885,12.5,18.94,0,0.549,8.74,46.6,11.57,3,645,17.4,142.94,6.34,50.0
3.375,60.0,27.48,0,0.56,3.9,80.9,2.66,8,600,19.1,214.92,9.4,43.07
5.542,40.0,6.12,1,0.586,5.89,73.9,6.1,7,654,15.6,129.39,15.76,45.06
6.53,12.5,19.74,0,0.845,7.45,78.8,5.18,8,598,15.7,121.81,15.53,46.39
0.139,80.0,8.61,1,0.405,4.89,56.1,2.8,7,709,16.3,374.36,1.88,50.0
5.978,0.0,7.88,0,0.694,6.68,80.5,2.73,6,659,14.5,293.1,29.22,31.38
3.003,95.0,20.35,0,0.711,7.73,10.4,1.1,1,519,20.5,124.35,34.37,40.46
4.926,12.5,8.8,0,0.558,8.35,59.2,10.52,8,526,19.0,115.0,4.76,50.0
7.537,0.0,4.91,0,0.641,6.89,17.5,7.35,8,467,18.9,358.66,37.12,27.36
4.737,80.0,3.12,0,0.446,5.7,39.2,2.96,1,551,21.3,232.14,7.73,50.0
4.59,40.0,24.41,0,0.814,4.14,15.2,4.45,7,333,13.1,371.11,36.54,27.34
7.32,25.0,19.71,0,0.554,8.72,50.5,8.15,7,353,15.7,100.3,20.0,50.0
4.068,0.0,13.72,0,0.405,4.99,32.1,6.16,7,525,12.4,297.67,29.11,34.11
3.668,95.0,1.35,0,0.74,3.9,39.3,11.4,7,577,12.4,266.68,26.78,38.85
5.259,60.0,11.49,0,0.445,5.53,27.6,3.22,5,453,12.8,178.56,25.86,49.56
7.175,95.0,24.69,0,0.777,7.83,12.5,1.86,6,246,13.5,318.1,29.82,50.0
7.504,0.0,20.39,0,0.806,6.89,17.3,8.2,8,518,19.9,42.01,5.51,49.9
1.948,0.0,5.51,0,0.382,7.76,24.8,1.57,2,576,15.2,210.09,18.61,50.0
2.375,0.0,13.17,0,0.597,6.34,9.8,12.2,5,327,20.8,228.39,8.01,50.0
7.637,12.5,5.55,0,0.751,4.94,40.7,10.61,5,602,17.1,113.28,16.78,36.06
0.427,95.0,0.69,0,0.518,4.61,8.0,6.68,1,620,12.8,303.4,27.5,46.59
4.449,0.0,9.1,0,0.722,6.83,96.0,7.55,6,641,15.6,321.87,14.71,46.48
3.855,95.0,27.48,0,0.492,4.65,69.7,5.71,8,512,21.2,335.97,36.97,30.38
6.585,80.0,4.62,1,0.586,3.92,15.7,4.64,3,589,15.7,172.41,31.24,25.37
3.379,0.0,6.36,0,0.572,4.55,35.1,1.25,7,342,15.0,379.12,21.33,39.98
3.879,80.0,12.19,0,0.619,7.13,36.6,2.22,6,668,18.1,56.15,20.19,46.58
5.247,80.0,0.85,0,0.689,5.49,32.4,8.11,2,312,17.3,135.38,14.81,50.0
2.64,80.0,2.2,1,0.561,5.03,94.6,8.92,6,667,19.9,220.28,22.36,38.74
4.089,0.0,26.57,0,0.727,6.85,81.7,3.86,8,199,15.1,349.56,15.21,50.0
2.822,95.0,13.76,0,0.413,5.75,20.9,9.85,3,552,20.5,23.43,10.12,50.0
6.102,80.0,15.67,0,0.849,6.22,32.8,11.16,4,372,21.6,237.18,5.45,50.0
4.474,12.5,14.63,0,0.502,5.68,70.7,10.81,5,447,14.0,117.52,2.07,50.0
4.623,40.0,13.05,0,0.599,5.71,17.4,6.11,6,290,21.4,180.96,8.32,50.0
3.742,0.0,9.22,0,0.441,8.14,56.2,5.24,6,564,17.5,249.61,24.91,50.0
5.068,0.0,17.88,0,0.657,6.64,88.6,1.64,3,688,12.6,26.95,6.61,50.0
6.52,12.5,2.98,0,0.856,5.49,42.4,9.63,8,590,17.5,208.25,24.75,26.59
1.106,0.0,22.49,1,0.458,7.61,87.1,3.62,1,204,12.5,334.54,9.34,50.0
6.479,12.5,26.15,0,0.625,5.41,76.1,8.71,1,702,19.7,195.37,25.78,26.22
4.189,0.0,5.9,0,0.482,6.71,2.7,9.07,6,701,21.0,65.16,8.87,50.0
3.019,25.0,7.67,0,0.63,4.6,21.8,7.99,6,380,15.3,103.33,5.41,50.0
3.586,95.0,21.29,0,0.471,4.01,80.9,9.54,4,384,19.6,292.0,12.05,49.78
7.916,25.0,10.25,0,0.697,4.95,89.2,10.7,4,703,12.2,4.91,31.69,20.47
4.295,60.0,19.94,1,0.862,6.81,18.2,6.65,24,472,20.0,264.74,35.7,34.13
9.342,0.0,23.52,0,0.8,8.53,93.2,4.49,7,343,13.0,146.08,24.89,50.0
8.237,40.0,2.55,1,0.7,5.29,5.4,2.38,3,449,16.6,370.01,37.38,22.66
6.157,0.0,24.27,1,0.466,4.36,73.0,6.24,24,459,14.7,278.97,18.75,38.29
5.69,0.0,11.23,1,0.395,6.29,83.4,5.74,1,225,18.6,380.8,33.43,45.79
8.163,12.5,22.15,0,0.709,8.62,20.4,8.93,1,225,20.7,331.57,17.11,50.0
5.496,12.5,19.82,0,0.52,4.24,38.0,10.44,24,347,15.7,357.93,27.87,34.59
7.166,40.0,11.49,1,0.562,8.72,77.2,2.7,8,597,15.6,171.35,23.28,50.0
4.284,40.0,17.93,1,0.749,8.11,18.1,1.49,24,328,18.0,214.41,31.78,50.0
6.648,0.0,26.89,0,0.784,5.78,82.7,11.13,24,222,17.2,228.4,10.42,50.0
6.627,12.5,18.97,0,0.62,5.43,84.0,5.29,7,715,18.6,155.9,22.35,28.82
3.871,0.0,6.6,1,0.456,7.27,75.8,9.24,24,290,17.0,363.5,26.71,50.0
5.24,25.0,22.78,0,0.846,4.76,3.6,4.4,4,370,20.3,270.08,3.48,45.68
8.293,40.0,18.36,0,0.722,5.3,40.0,3.4,7,669,18.4,235.5,26.13,23.6
7.887,40.0,1.34,1,0.802,5.72,54.8,2.13,6,682,21.9,150.81,36.62,11.49
2.26,25.0,15.18,0,0.5,7.95,63.9,2.08,7,525,14.4,390.55,2.27,50.0
3.86,80.0,6.35,1,0.427,7.22,60.2,8.77,1,698,16.4,199.27,18.14,50.0
3.156,95.0,18.15,0,0.504,4.39,52.6,3.0,8,480,20.5,15.8,23.24,40.18
5.377,0.0,5.88,1,0.502,5.74,75.0,8.52,3,565,12.4,72.5,13.58,50.0
5.021,12.5,19.77,0,0.43,4.5,74.6,11.89,1,628,17.0,315.27,16.91,42.7
4.44,40.0,17.64,0,0.585,3.97,44.8,9.07,2,246,12.9,348.39,25.59,43.07
6.063,12.5,24.98,0,0.439,4.61,57.9,8.64,8,562,17.6,189.67,36.92,22.64
3.013,0.0,15.61,0,0.479,5.3,75.2,5.49,6,241,17.1,4.83,20.41,49.47
5.443,25.0,24.27,0,0.537,5.02,49.1,3.46,8,669,16.8,39.31,15.35,38.14
5.98,0.0,4.45,0,0.8,4.53,76.5,6.49,2,348,14.5,299.03,32.07,23.03
5.528,25.0,11.47,1,0.401,5.4,40.7,3.21,6,580,16.5,331.96,9.31,50.0
1.366,95.0,24.5,0,0.498,6.41,50.7,1.86,1,607,12.7,33.67,33.99,46.14
4.869,40.0,7.99,0,0.608,7.83,91.9,4.49,24,514,21.2,339.5,18.39,50.0
2.479,95.0,25.43,0,0.61,4.25,50.0,4.94,24,244,14.5,106.45,11.04,50.0
6.95,40.0,25.52,0,0.825,6.63,36.2,4.52,6,710,18.8,110.55,23.12,29.92
6.929,0.0,22.16,0,0.473,7.23,71.8,7.36,4,653,17.8,68.83,27.81,38.78
2.913,12.5,16.65,0,0.47,7.04,50.7,3.82,8,457,21.3,182.21,13.63,50.0
6.835,0.0,26.6,1,0.382,4.74,93.5,11.67,8,463,17.1,166.89,10.83,50.0
2.42,80.0,16.57,1,0.594,5.37,15.7,2.41,1,222,20.5,110.08,21.29,50.0
1.522,60.0,6.03,0,0.385,5.49,63.2,4.19,7,426,14.3,245.41,22.11,50.0
9.544,12.5,4.6,0,0.754,4.66,96.7,5.41,24,197,21.5,36.19,28.4,22.34
4.801,80.0,3.86,0,0.794,4.9,47.0,2.9,3,405,14.8,1.26,25.83,40.6
3.681,60.0,12.55,0,0.429,4.21,71.8,6.09,7,569,12.2,303.65,8.59,50.0
3.233,95.0,9.74,0,0.625,6.88,84.1,7.98,6,327,19.0,238.52,26.86,50.0
2.878,12.5,6.38,0,0.579,5.04,30.5,3.66,8,204,18.9,223.58,24.88,45.11
6.965,0.0,11.0,0,0.556,3.9,44.8,6.12,7,271,16.4,138.21,10.96,42.44
3.083,0.0,5.05,0,0.794,8.7,37.7,9.75,2,342,12.9,275.97,2.85,50.0
1.691,80.0,4.52,0,0.801,5.19,91.8,3.63,5,350,17.2,92.01,4.41,50.0
5.102,0.0,8.28,1,0.842,8.27,25.2,10.29,4,258,12.7,40.29,31.24,50.0
1.724,80.0,15.44,0,0.734,4.56,93.4,3.82,1,513,20.6,304.16,19.99,36.96
5.519,0.0,11.13,0,0.404,4.58,15.0,10.91,6,465,16.6,180.57,27.28,33.59
4.523,0.0,2.31,1,0.447,5.24,53.8,6.63,7,593,20.9,185.2,24.95,37.21
3.172,60.0,20.79,1,0.462,8.09,14.4,1.42,2,556,20.4,45.86,34.45,47.1
3.218,0.0,8.99,0,0.748,4.88,78.0,9.63,8,323,18.5,119.85,10.05,46.98
1.645,80.0,7.33,1,0.609,6.13,88.5,6.33,7,232,14.5,57.76,24.68,50.0
4.153,40.0,13.06,1,0.815,8.16,9.7,4.38,24,668,12.4,389.5,32.35,45.22
2.899,25.0,25.39,0,0.385,4.31,74.9,7.46,1,205,17.1,250.31,14.74,50.0
4.325,80.0,9.87,0,0.52,4.05,52.7,2.42,8,679,16.3,204.0,25.65,31.25
3.646,95.0,2.32,0,0.837,5.69,66.7,6.06,5,327,13.4,363.16,4.45,50.0
4.211,0.0,1.69,0,0.847,4.77,57.8,5.8,3,617,17.5,101.27,34.89,12.09
7.892,0.0,7.67,1,0.766,4.9,91.7,2.9,8,296,12.8,182.42,34.28,31.13
4.59,80.0,26.3,0,0.663,6.54,90.3,9.53,6,719,13.6,270.67,27.51,40.15
3.035,12.5,6.61,0,0.593,5.16,94.1,4.46,7,232,21.5,119.21,32.94,29.57
5.538,12.5,23.3,0,0.812,5.04,90.7,11.65,24,697,15.6,294.71,16.51,30.53
5.043,0.0,17.32,0,0.76,8.43,7.6,5.67,7,337,16.1,388.31,13.35,50.0
5.526,80.0,24.24,1,0.835,5.78,23.0,5.95,4,473,14.4,319.32,13.44,50.0
3.452,0.0,3.22,0,0.77,3.84,55.0,6.67,2,335,21.9,0.83,7.57,44.89
1.399,40.0,18.83,0,0.706,4.24,18.2,4.56,2,219,22.0,32.68,2.46,50.0
4.607,0.0,24.72,1,0.433,6.77,62.3,7.05,5,321,12.6,240.59,10.62,50.0
7.24,0.0,13.9,0,0.718,3.96,85.5,8.65,8,643,15.6,201.97,11.87,29.94
7.995,12.5,21.94,0,0.706,4.85,47.2,9.09,1,261,12.6,347.34,6.46,50.0
2.975,0.0,8.13,0,0.717,6.7,72.4,6.01,2,489,21.4,83.26,18.51,41.38
3.42,12.5,9.82,0,0.395,8.07,26.7,3.15,8,654,18.6,157.76,27.24,45.03
2.25,40.0,20.62,1,0.703,8.59,75.6,10.98,3,187,20.7,65.16,10.27,50.0
2.68,40.0,4.5,0,0.498,6.82,95.8,11.43,3,607,12.4,3.66,14.35,50.0
7.29,40.0,0.57,1,0.758,8.65,21.8,2.7,24,460,17.3,353.08,37.76,43.64
7.541,60.0,21.28,0,0.603,7.4,55.6,7.2,8,225,14.8,7.11,22.8,50.0
2.372,60.0,25.58,0,0.832,7.97,23.8,4.04,1,414,18.7,230.03,15.61,50.0
6.221,12.5,26.2,1,0.497,3.81,6.7,1.88,5,606,12.2,344.73,28.11,30.36
4.216,0.0,13.91,0,0.642,6.56,78.4,10.84,7,516,13.8,260.41,1.53,50.0
1.419,12.5,26.06,0,0.429,8.46,73.6,2.94,5,443,16.2,359.57,8.55,50.0
7.034,25.0,8.86,0,0.417,4.58,13.9,11.78,4,247,19.8,315.31,35.94,29.92
6.157,80.0,9.61,1,0.63,6.21,62.2,10.03,6,274,15.5,153.95,8.0,50.0
4.739,0.0,27.29,0,0.451,4.6,81.9,7.15,8,539,12.3,338.76,30.33,33.79
3.56,60.0,6.23,0,0.684,6.22,59.5,9.02,4,686,17.6,181.72,12.92,50.0
4.973,0.0,12.73,0,0.66,3.89,67.1,5.28,6,605,19.5,2.95,12.66,27.34
4.931,0.0,16.56,0,0.671,6.17,56.3,7.34,6,302,18.2,12.89,31.9,35.86
6.348,60.0,8.42,0,0.407,5.3,96.5,2.57,5,568,22.0,111.4,32.44,29.54
7.549,40.0,2.53,0,0.742,5.83,4.6,4.28,3,275,20.7,369.68,23.31,39.26
6.633,0.0,26.82,0,0.536,4.42,58.5,7.7,2,417,12.5,123.63,29.14,35.16
5.299,0.0,22.41,0,0.824,7.09,11.8,5.64,1,499,21.2,166.77,25.34,33.67
6.449,0.0,3.05,0,0.432,6.18,48.0,5.15,24,289,14.6,234.51,21.76,47.58
8.154,0.0,5.5,0,0.689,3.88,23.4,9.14,3,701,14.4,161.9,26.21,19.55
6.845,12.5,13.8,0,0.409,4.86,67.4,3.21,24,479,15.4,160.55,22.86,34.34
6.395,12.5,17.14,0,0.726,5.07,61.3,1.02,2,595,17.9,296.4,26.58,25.16
5.302,0.0,26.61,0,0.445,4.0,99.8,9.57,2,584,13.3,86.58,36.5,22.03
6.319,0.0,22.91,0,0.583,5.51,45.8,2.69,2,557,15.3,163.18,25.4,31.75
0.538,12.5,23.66,0,0.481,5.57,87.3,10.87,4,681,16.9,108.71,2.81,50.0
6.225,0.0,21.6,0,0.747,6.42,22.0,2.27,5,324,14.8,70.28,29.45,40.58
2.892,0.0,16.34,0,0.529,4.92,21.7,10.93,8,579,14.7,190.65,17.21,47.94
2.468,80.0,10.88,0,0.434,7.41,53.2,8.93,5,708,20.0,296.25,1.75,50.0
8.471,12.5,24.77,0,0.777,7.59,67.5,7.39,24,367,18.3,387.95,1.12,50.0
1.176,95.0,11.83,0,0.381,4.77,12.6,4.52,7,437,19.0,107.93,8.38,50.0
4.53,40.0,3.09,1,0.686,8.25,33.8,10.86,6,662,19.6,211.34,19.25,50.0
2.194,0.0,3.29,0,0.493,8.13,22.1,5.74,2,285,18.8,387.35,17.33,50.0
2.563,12.5,10.51,0,0.506,8.39,42.1,12.4,8,394,12.9,366.56,23.64,50.0
1.189,95.0,20.65,0,0.402,7.24,55.0,8.56,1,681,20.2,85.87,16.24,50.0
1.398,12.5,25.47,0,0.38,7.28,93.6,9.66,24,348,12.3,38.7,24.21,50.0
3.356,0.0,22.7,0,0.741,7.46,21.2,3.4,3,482,16.6,262.61,9.35,50.0
3.396,12.5,10.4,0,0.789,5.96,69.4,10.59,3,665,15.8,68.02,2.3,50.0
4.162,60.0,3.43,0,0.484,4.57,12.6,3.64,3,452,19.1,283.28,33.7,33.78
4.869,40.0,24.43,0,0.786,6.77,66.7,3.48,8,615,13.7,332.08,17.47,47.4
7.878,0.0,5.8,0,0.564,6.48,92.9,11.06,2,309,21.0,91.18,26.91,36.92
1.628,80.0,11.15,0,0.406,4.7,87.8,10.19,4,231,17.1,240.88,33.72,46.67
2.655,40.0,14.68,0,0.507,5.46,15.3,3.05,7,682,20.5,81.48,30.71,30.83
0.11,95.0,4.49,1,0.415,7.4,55.6,9.48,6,651,13.6,109.67,32.35,50.0
6.409,0.0,21.43,0,0.803,7.42,10.2,2.9,2,264,18.9,190.82,30.8,43.86
6.99,40.0,2.05,0,0.732,8.74,32.7,8.73,24,476,19.5,103.51,4.15,50.0
0.806,95.0,13.37,1,0.636,7.64,16.8,10.48,5,693,18.2,16.85,15.04,50.0
3.267,0.0,1.69,0,0.381,5.11,26.1,4.97,6,270,15.6,204.76,20.61,50.0
5.688,12.5,11.65,0,0.631,8.75,38.2,1.56,5,354,19.9,148.97,2.55,50.0
1.934,0.0,11.48,0,0.581,8.08,56.7,8.11,1,718,13.8,25.61,10.91,50.0
4.461,60.0,7.33,0,0.816,8.38,74.4,4.01,5,361,17.5,187.99,33.58,45.06
5.968,12.5,14.76,0,0.576,5.01,68.0,2.63,7,482,19.3,207.07,24.87,28.15
4.364,25.0,4.78,0,0.811,7.58,14.8,9.31,24,621,14.1,122.87,29.8,46.44
2.548,60.0,8.37,1,0.457,8.53,38.6,4.34,1,371,16.0,90.92,26.0,50.0
7.848,25.0,5.68,0,0.708,6.15,32.2,10.11,5,705,17.8,323.36,19.69,38.55
7.686,0.0,10.45,0,0.787,5.18,73.1,2.54,1,528,12.4,272.6,3.13,44.16
2.144,12.5,6.14,0,0.475,6.43,59.5,11.16,2,584,19.3,320.18,30.82,42.15
2.149,80.0,14.71,0,0.647,6.83,21.5,7.82,4,684,14.2,160.74,12.95,50.0
8.686,0.0,20.03,0,0.83,6.86,51.5,9.72,6,578,13.0,381.32,32.76,32.43
4.915,95.0,24.58,0,0.827,4.84,4.6,10.32,2,522,19.8,44.46,5.73,50.0
4.581,12.5,19.09,0,0.611,7.31,27.9,4.26,2,605,21.2,350.18,26.16,40.14
3.052,40.0,4.12,0,0.417,6.82,81.2,11.01,5,291,17.4,89.64,15.69,50.0
4.121,0.0,20.93,1,0.475,7.87,17.5,3.48,24,331,12.7,179.12,13.4,50.0
3.532,0.0,19.28,0,0.444,6.48,94.2,1.49,6,201,19.8,133.95,19.22,50.0
3.866,0.0,14.52,0,0.437,4.44,78.5,1.21,1,377,20.7,21.98,33.74,23.08
3.6,0.0,22.59,0,0.569,7.22,9.1,11.81,4,282,21.5,304.66,10.4,50.0
3.804,60.0,14.25,0,0.594,4.34,63.4,6.58,24,326,18.2,390.52,31.76,37.38
6.641,0.0,7.04,0,0.769,8.73,78.5,4.94,4,668,20.6,362.26,28.26,35.73
2.896,12.5,6.81,0,0.681,4.42,12.0,5.26,1,228,17.1,394.2,22.49,40.59
8.039,0.0,25.74,1,0.866,6.71,18.2,9.7,7,564,20.7,260.67,31.72,31.16
2.172,80.0,2.92,0,0.451,7.72,58.8,8.32,4,330,15.3,40.86,1.79,50.0
3.99,12.5,26.24,0,0.433,8.0,81.1,3.56,3,620,16.0,222.2,35.69,42.25
6.585,95.0,13.27,1,0.694,6.09,42.9,11.25,8,358,19.5,122.84,35.89,41.61
8.856,12.5,9.3,0,0.699,8.29,53.0,8.56,24,197,20.4,389.33,31.64,50.0
4.502,0.0,27.0,1,0.547,6.55,85.2,2.69,6,330,16.3,105.59,29.99,43.37
5.124,60.0,17.52,0,0.387,6.21,43.7,8.73,3,374,20.1,124.51,13.46,50.0
7.721,12.5,21.48,1,0.645,5.0,80.0,4.57,24,458,18.3,16.1,2.09,50.0
7.473,12.5,0.53,1,0.674,8.34,40.2,12.48,2,576,17.0,29.79,25.73,50.0
5.187,0.0,1.79,0,0.564,4.08,65.5,1.92,2,509,12.5,161.85,7.56,41.4
3.886,80.0,17.84,0,0.405,5.64,64.5,4.11,8,631,16.4,111.73,7.01,50.0
8.919,0.0,20.1,1,0.709,6.78,35.8,7.39,2,683,19.2,327.84,35.14,28.3
7.219,0.0,21.27,0,0.391,8.48,68.1,4.02,4,383,14.0,92.13,35.68,46.69
2.241,0.0,5.97,1,0.433,6.52,9.8,1.12,3,284,12.8,64.85,15.05,50.0
1.622,95.0,26.95,0,0.445,6.28,58.2,4.97,2,374,14.2,29.5,25.71,50.0
9.461,0.0,20.1,0,0.804,5.42,15.8,5.55,24,224,21.7,37.51,11.19,40.65
2.5,12.5,18.92,0,0.575,6.47,92.9,11.41,8,705,13.7,74.08,1.52,50.0
3.732,80.0,24.65,0,0.43,4.77,52.9,12.2,3,528,19.3,195.0,28.06,38.17
5.165,60.0,23.9,0,0.809,6.5,87.9,10.75,3,506,16.1,134.34,22.18,47.99
4.336,80.0,21.71,1,0.577,8.44,13.7,6.5,1,592,20.6,197.05,34.31,50.0
6.688,0.0,10.36,0,0.564,4.52,66.6,2.97,4,537,15.3,63.19,37.71,17.55
6.33,0.0,21.49,1,0.839,7.23,41.7,2.73,2,715,18.5,371.92,3.69,50.0
3.358,60.0,26.66,0,0.653,6.47,68.8,3.71,24,475,19.8,344.54,36.26,37.25
5.402,40.0,22.06,0,0.705,6.51,97.6,7.88,5,699,21.7,257.34,12.03,45.8
2.47,95.0,15.45,0,0.697,5.22,46.3,7.28,8,216,19.0,175.19,14.21,50.0
5.344,60.0,12.58,1,0.476,7.65,66.4,1.3,8,461,15.8,30.95,23.72,50.0
3.497,80.0,13.86,1,0.568,4.55,63.1,11.53,24,689,19.2,61.09,31.86,32.11
6.32,80.0,27.34,0,0.767,6.46,68.8,1.01,3,423,15.7,276.04,33.67,38.4
3.125,60.0,10.79,0,0.716,6.65,5.0,2.44,5,360,19.8,135.99,14.86,50.0
5.609,60.0,12.94,1,0.476,5.57,81.9,4.38,4,316,18.8,293.45,32.33,43.71
3.923,12.5,23.89,0,0.648,8.31,58.1,2.19,7,348,14.6,271.67,34.89,50.0
1.491,80.0,5.3,0,0.571,8.64,18.8,11.88,4,407,15.4,241.29,26.4,50.0
4.348,95.0,3.37,1,0.561,3.93,65.3,6.97,7,512,12.2,127.18,19.05,50.0
3.127,12.5,0.71,0,0.688,4.4,68.2,6.89,2,295,21.1,237.74,7.1,50.0
4.154,40.0,16.21,0,0.769,4.23,37.7,5.54,2,513,14.9,42.68,31.62,23.3
6.198,0.0,10.38,0,0.781,6.18,84.9,7.03,4,616,16.5,125.94,1.59,50.0
6.53,0.0,19.32,0,0.519,7.65,10.5,9.93,3,647,15.8,210.04,37.91,36.13
7.12,95.0,2.12,0,0.751,3.83,37.4,3.7,24,719,17.6,304.42,15.88,32.43
1.795,95.0,22.35,1,0.584,8.58,86.7,7.71,7,640,17.4,110.95,32.92,50.0
6.928,95.0,9.61,0,0.645,5.5,59.7,12.09,6,474,13.8,51.16,36.45,40.1
1.188,60.0,27.11,0,0.447,8.06,88.5,1.49,5,561,18.4,232.71,33.5,46.16
2.219,0.0,22.08,0,0.414,3.83,35.3,1.39,4,615,17.6,72.29,4.71,47.48
6.529,95.0,17.16,1,0.667,8.78,50.1,6.75,4,613,16.5,252.95,17.32,50.0
6.727,0.0,20.67,0,0.559,6.38,74.4,2.93,6,474,14.1,380.5,20.46,41.1
5.142,95.0,22.31,0,0.741,4.75,8.2,3.3,3,187,18.3,247.69,3.18,50.0
5.436,95.0,7.11,0,0.62,4.82,56.2,4.97,24,349,19.7,160.36,27.13,35.59
2.453,0.0,24.8,1,0.607,5.1,97.4,7.46,5,675,13.4,61.42,22.14,36.05
3.179,0.0,14.3,1,0.567,7.09,25.6,2.18,1,366,19.2,381.16,24.88,50.0
9.428,12.5,5.85,0,0.834,7.08,96.7,12.0,1,513,13.8,61.6,36.34,27.58
4.479,60.0,24.3,0,0.739,7.8,66.4,7.73,5,421,17.5,57.1,34.18,44.47
7.354,12.5,21.81,0,0.537,8.5,28.1,2.4,8,684,14.2,320.79,11.72,50.0
2.363,25.0,23.87,1,0.679,7.43,19.7,6.14,8,182,13.9,69.19,3.59,50.0
6.54,80.0,21.01,1,0.732,4.87,71.4,10.4,3,711,14.4,59.23,31.06,26.52
5.913,40.0,11.22,0,0.649,4.67,88.6,4.05,24,680,18.1,372.98,33.74,16.68
6.909,80.0,9.93,0,0.72,7.41,88.1,8.67,6,369,14.4,212.34,35.2,48.74
9.929,0.0,5.95,0,0.859,4.98,40.0,1.94,6,292,16.6,137.68,33.26,22.61
7.549,0.0,1.12,0,0.695,4.64,92.8,11.83,6,204,12.9,78.92,11.26,50.0
7.614,0.0,17.03,0,0.827,6.68,99.2,1.95,8,275,18.1,45.71,15.72,46.61
4.291,0.0,6.1,0,0.805,8.42,96.1,5.72,3,234,13.2,306.16,25.92,50.0
5.469,0.0,4.0,0,0.401,6.89,5.1,2.56,6,628,21.3,78.57,24.05,35.85
1.473,12.5,12.15,0,0.482,3.87,19.5,8.48,5,713,13.0,303.37,11.44,43.02
6.135,95.0,18.94,0,0.832,8.1,58.5,4.76,3,333,18.0,149.07,1.63,50.0
6.686,40.0,27.35,0,0.734,8.0,8.5,9.53,1,399,19.2,225.78,13.77,50.0
4.809,0.0,21.46,0,0.855,4.39,29.0,5.87,6,514,17.4,153.75,29.22,24.12
1.119,25.0,25.92,0,0.393,8.75,93.2,5.86,6,345,16.8,221.28,11.28,50.0
2.054,80.0,19.91,0,0.591,8.11,4.2,3.62,3,468,17.3,375.13,4.96,50.0
4.277,0.0,22.85,0,0.489,7.35,30.0,3.87,2,197,18.2,360.38,16.0,50.0
3.451,80.0,10.45,0,0.685,5.65,59.8,9.95,6,560,14.9,334.79,35.99,38.15
7.012,0.0,23.09,0,0.606,3.81,6.3,1.68,2,706,13.2,82.25,30.83,14.39
4.326,12.5,3.21,1,0.515,8.52,49.9,5.87,1,193,17.2,322.42,25.8,50.0
4.968,0.0,23.95,0,0.857,7.32,47.4,3.25,1,598,16.5,97.84,18.09,39.79
3.744,0.0,22.45,0,0.557,6.45,29.0,4.45,7,359,13.1,78.01,1.64,50.0
5.565,95.0,18.76,1,0.589,5.95,26.9,1.34,2,185,15.3,396.8,30.74,50.0
3.946,0.0,22.71,1,0.832,7.99,89.2,6.02,3,260,15.5,25.43,9.9,50.0
6.096,0.0,1.37,0,0.577,5.93,32.4,4.8,1,249,20.0,20.07,22.78,40.6
4.3,25.0,1.51,0,0.667,6.52,94.3,1.78,5,183,15.2,265.01,27.19,45.37
5.839,25.0,16.99,0,0.776,5.29,83.4,10.45,7,684,18.4,257.2,8.35,42.71
2.182,60.0,10.82,0,0.43,8.34,95.6,2.71,8,473,21.5,192.5,22.13,50.0
4.349,40.0,12.3,0,0.741,8.64,67.6,7.84,2,636,20.1,26.59,31.43,45.9
5.127,0.0,1.21,1,0.405,6.1,90.6,10.71,2,271,16.1,333.8,25.45,50.0
3.609,25.0,3.07,0,0.495,7.22,75.6,7.57,24,639,21.0,356.2,4.09,50.0
6.44,95.0,14.1,0,0.835,6.34,81.9,10.79,24,588,20.9,120.7,6.11,50.0
4.371,40.0,14.59,0,0.66,6.0,51.7,6.03,1,356,12.6,10.2,20.98,50.0
8.162,0.0,22.88,0,0.793,5.7,10.3,7.85,2,266,21.3,202.78,19.49,37.6
3.24,0.0,16.7,1,0.654,6.32,47.4,9.65,8,231,14.7,233.71,9.49,50.0
4.89,0.0,21.83,1,0.435,5.94,50.4,7.35,4,361,16.9,267.59,30.91,41.56
6.336,60.0,10.06,1,0.665,8.09,66.5,8.37,3,479,18.4,351.16,35.27,44.53
3.919,60.0,10.86,0,0.733,8.48,44.1,4.05,24,499,13.5,176.2,6.66,50.0
8.339,0.0,26.99,0,0.664,5.02,63.8,4.16,24,308,12.0,384.06,36.53,24.24
5.464,60.0,14.88,0,0.681,8.2,15.5,3.97,8,334,21.9,298.82,17.47,50.0
2.605,0.0,2.91,0,0.485,7.95,59.5,9.7,4,546,18.6,391.79,24.68,50.0
1.914,12.5,19.8,0,0.494,6.18,41.9,1.0,3,434,12.4,101.02,21.58,50.0
8.181,0.0,25.07,0,0.824,5.19,31.6,2.66,2,279,16.3,258.1,33.3,22.89
5.737,60.0,11.36,0,0.61,7.5,89.9,11.71,2,708,13.3,102.67,20.91,50.0
7.2,95.0,15.11,0,0.804,6.11,56.0,2.11,2,633,14.7,205.19,37.83,27.93
6.33,0.0,25.32,1,0.844,6.53,62.4,7.19,4,585,19.0,218.12,12.53,45.57
5.801,0.0,9.34,0,0.86,7.82,6.8,2.43,3,364,12.6,272.85,18.68,50.0
6.061,60.0,24.51,0,0.552,4.15,9.7,8.85,1,412,20.3,213.46,29.54,28.83
4.077,40.0,7.21,0,0.429,6.7,34.1,7.89,7,677,12.1,9.83,25.27,50.0
3.255,25.0,14.82,0,0.468,5.27,38.9,5.31,5,625,16.3,162.91,13.09,45.16
4.891,25.0,9.0,0,0.62,6.02,54.7,1.34,8,495,19.7,382.91,8.11,50.0
3.756,60.0,4.03,0,0.506,5.82,39.4,2.5,3,608,15.4,114.78,5.01,50.0
3.242,40.0,6.68,0,0.384,8.46,43.7,10.84,2,359,13.5,71.86,29.2,50.0
1.637,80.0,19.24,1,0.532,4.47,33.0,1.77,1,286,12.8,111.5,37.39,45.18
4.868,95.0,22.51,0,0.641,6.39,40.0,1.69,24,195,13.1,233.7,37.33,46.93
1.158,95.0,3.95,0,0.465,6.78,94.3,6.11,1,459,16.5,394.6,16.12,50.0
5.439,60.0,2.56,0,0.831,4.07,53.8,3.63,8,530,14.3,137.22,22.78,31.72
8.737,0.0,12.95,0,0.857,6.98,38.1,4.04,24,359,15.1,48.98,21.63,42.4
1.166,25.0,10.27,0,0.403,7.18,44.1,4.51,6,472,18.5,134.37,6.39,50.0
2.831,0.0,4.28,0,0.456,7.36,45.9,9.85,8,266,16.5,357.67,15.73,50.0
6.217,0.0,13.71,0,0.474,7.96,54.8,8.88,2,666,15.5,5.01,21.09,47.51
3.753,60.0,26.48,0,0.505,7.37,21.0,5.45,4,512,19.2,199.66,6.36,50.0
3.628,12.5,24.29,0,0.398,8.4,70.6,8.3,2,707,12.7,346.33,17.3,50.0
8.655,0.0,23.25,0,0.865,5.19,26.9,8.71,6,447,14.6,21.23,20.67,36.89
7.923,0.0,13.33,0,0.601,7.72,12.5,8.38,6,426,18.4,48.95,20.86,50.0
5.217,25.0,24.1,1,0.774,6.64,43.7,7.74,24,338,20.8,303.36,23.16,50.0
8.361,80.0,16.13,0,0.79,4.32,84.3,8.83,5,565,14.3,321.58,32.89,22.32
2.413,60.0,19.68,0,0.511,8.32,83.5,8.46,8,346,17.2,94.57,30.32,50.0
5.563,95.0,14.0,1,0.831,4.59,88.4,3.42,3,709,20.7,366.8,27.33,20.66
0.838,0.0,3.77,0,0.387,4.95,89.1,1.19,24,575,16.6,150.58,2.68,50.0
4.998,95.0,25.33,1,0.73,4.41,55.7,10.41,4,561,15.8,36.89,3.28,50.0
7.127,25.0,25.57,0,0.694,4.23,52.0,1.54,8,462,16.2,298.1,32.68,16.8
4.568,25.0,11.53,0,0.788,7.75,5.4,3.28,1,648,20.4,160.46,7.75,50.0
1.843,40.0,26.22,1,0.594,4.17,3.9,8.92,7,623,21.7,265.3,16.62,37.13
4.469,60.0,25.24,0,0.805,7.34,71.0,11.26,4,468,12.0,177.42,12.99,50.0
2.843,25.0,21.36,1,0.401,6.88,38.0,7.46,4,620,16.2,80.29,21.5,50.0
5.745,60.0,4.8,1,0.765,6.44,54.9,7.42,24,301,16.7,394.92,25.44,50.0
0.465,40.0,1.33,1,0.468,6.07,9.6,6.23,7,203,18.9,93.97,1.82,50.0
4.092,40.0,12.77,0,0.566,5.31,9.7,10.83,6,322,21.4,311.16,14.36,50.0
6.898,0.0,12.94,1,0.522,4.25,75.3,6.62,7,369,19.8,38.33,25.9,31.51
7.214,25.0,2.98,1,0.841,5.98,19.3,2.62,8,522,17.1,29.55,2.98,50.0
5.561,25.0,19.97,0,0.511,4.46,82.7,4.99,5,561,16.9,331.41,12.8,37.0
4.606,0.0,3.91,0,0.624,3.8,58.3,11.79,1,244,18.3,87.14,27.05,31.63
9.597,0.0,12.9,0,0.785,5.19,86.7,12.41,24,346,21.2,242.52,33.83,18.88
6.653,0.0,2.9,0,0.459,5.11,46.4,2.04,7,254,15.9,370.69,35.2,30.32
8.044,80.0,2.28,0,0.842,7.01,75.8,1.68,2,560,21.7,242.28,32.22,24.58
3.624,0.0,9.0,1,0.42,8.2,74.9,3.62,8,234,20.2,54.04,2.62,50.0
7.438,40.0,18.87,0,0.849,5.08,70.7,12.36,2,696,17.7,123.94,27.32,21.28
2.653,0.0,22.03,1,0.582,6.58,22.9,10.86,6,314,18.0,110.75,18.47,50.0
7.792,0.0,26.4,0,0.859,4.81,32.5,7.19,4,252,12.4,131.89,6.69,50.0
2.494,60.0,6.49,0,0.414,8.26,22.9,11.14,6,628,14.6,303.21,31.48,50.0
4.65,60.0,14.81,1,0.802,8.7,44.7,9.57,8,378,17.9,86.93,27.56,50.0
2.118,95.0,14.09,0,0.854,5.39,24.3,11.59,5,595,21.2,214.4,13.24,50.0
5.468,25.0,19.53,1,0.556,6.9,36.5,5.19,7,343,14.1,72.54,31.51,50.0
4.509,40.0,24.86,0,0.432,6.27,70.6,9.4,2,419,13.0,33.08,4.7,50.0
3.841,0.0,16.73,0,0.45,7.83,71.0,6.12,7,235,18.9,70.31,24.45,50.0
8.447,12.5,9.01,0,0.722,4.22,19.4,1.01,2,318,13.8,357.65,30.04,23.94
5.702,0.0,0.79,1,0.752,7.3,7.0,4.67,6,399,20.6,369.32,34.54,39.78
6.62,25.0,12.38,0,0.396,5.21,95.7,6.66,8,375,20.4,184.04,21.38,42.24
5.497,40.0,17.89,0,0.707,7.95,6.7,12.3,5,401,21.7,306.75,1.45,50.0
4.274,0.0,7.99,0,0.839,8.19,44.0,6.82,5,245,12.7,119.03,23.7,50.0
2.663,40.0,24.27,0,0.85,5.6,76.5,3.8,6,528,13.5,143.42,3.61,50.0
5.961,0.0,17.89,1,0.66,8.51,91.1,7.3,2,576,19.2,189.52,2.63,50.0
2.725,80.0,14.03,0,0.731,8.58,66.9,7.56,5,494,17.8,382.29,14.87,50.0
0.943,80.0,12.88,0,0.544,3.84,17.7,5.0,1,254,16.9,391.09,12.58,50.0
1.858,25.0,3.36,0,0.47,4.11,20.3,11.89,3,404,19.9,122.13,32.67,35.66
8.648,0.0,15.93,1,0.791,4.03,25.9,8.33,24,603,17.1,96.44,6.6,33.87
8.068,60.0,12.49,0,0.682,3.83,89.8,4.85,8,522,19.5,395.32,21.59,24.12
3.394,0.0,2.87,1,0.533,5.78,24.6,10.7,7,363,20.0,351.16,6.23,50.0
7.504,0.0,7.41,1,0.816,7.27,14.4,11.43,2,273,20.0,334.13,9.35,50.0
5.806,12.5,12.15,0,0.428,7.78,73.1,2.97,6,717,19.9,207.28,34.66,33.78
3.975,0.0,12.21,0,0.627,4.86,38.4,7.33,2,500,17.7,184.06,36.99,24.57
3.459,60.0,15.51,0,0.727,7.55,77.8,11.55,8,401,12.7,388.6,23.52,50.0
0.758,80.0,24.78,0,0.543,8.21,86.9,8.56,24,321,13.7,299.26,7.01,50.0
6.649,25.0,14.99,0,0.446,8.53,7.8,2.02,5,678,21.9,259.9,28.05,45.58
7.436,0.0,2.28,0,0.663,7.35,70.7,8.74,1,310,12.4,82.5,2.88,50.0
7.825,12.5,23.51,0,0.731,6.29,85.3,2.46,2,429,15.7,76.98,34.24,27.57
4.269,60.0,9.56,0,0.58,5.78,2.3,12.32,1,532,19.2,236.1,35.59,35.73
6.305,60.0,24.88,0,0.679,4.92,77.3,8.86,3,271,16.2,350.65,26.37,40.57
7.599,60.0,23.86,0,0.802,4.6,75.4,7.11,2,209,14.6,334.25,28.45,32.28
4.251,60.0,11.08,0,0.658,7.81,21.9,2.36,8,194,17.0,145.62,21.62,50.0
6.203,60.0,12.93,0,0.568,7.3,93.1,1.97,24,583,15.6,23.99,22.5,49.22
6.54,25.0,18.21,1,0.853,5.76,21.2,4.52,4,410,17.7,136.45,12.19,45.95
6.143,12.5,4.0,0,0.569,5.97,83.7,2.02,3,441,14.2,163.1,6.09,50.0
2.051,95.0,19.28,0,0.71,4.31,52.4,6.9,1,684,21.5,235.81,26.43,29.46
7.686,60.0,4.48,0,0.735,8.34,71.7,8.57,7,449,14.2,222.15,30.78,50.0
6.431,25.0,26.08,0,0.816,7.13,37.7,3.71,4,446,21.5,376.8,2.29,50.0
3.457,40.0,23.41,1,0.579,5.67,72.4,5.25,8,579,21.2,223.74,10.94,49.84
6.809,25.0,19.99,0,0.844,5.6,25.5,5.26,8,457,15.9,369.59,23.0,39.42
3.614,0.0,12.13,0,0.442,4.69,30.0,1.25,1,520,21.3,371.83,34.93,18.08
3.833,40.0,5.5,1,0.672,5.42,94.1,7.62,7,489,20.4,72.13,32.58,31.69
5.573,25.0,4.19,0,0.761,6.74,13.6,3.09,2,472,12.5,265.01,10.8,50.0
3.426,0.0,25.91,0,0.527,5.38,32.3,9.26,1,643,17.7,87.32,29.5,35.48
7.231,0.0,1.31,0,0.623,6.45,36.9,2.92,2,261,15.7,217.89,4.42,50.0
7.023,0.0,6.15,0,0.742,4.68,89.1,6.81,8,445,14.7,270.0,33.94,18.01
5.391,12.5,17.86,0,0.806,8.47,68.3,8.95,7,529,20.8,325.6,9.23,50.0
1.686,60.0,11.31,0,0.579,4.77,2.3,4.2,1,227,21.3,249.77,14.21,50.0
1.462,95.0,2.2,0,0.539,6.4,98.4,1.42,3,675,20.6,70.72,5.74,50.0
7.697,12.5,3.74,0,0.676,4.93,58.2,10.11,4,587,17.3,249.07,4.21,48.84
7.874,12.5,3.78,1,0.685,5.56,17.1,9.92,3,207,18.0,74.02,27.87,45.26
8.133,40.0,3.95,0,0.854,5.56,89.5,8.58,4,420,13.5,59.84,26.65,32.36
3.518,12.5,24.63,0,0.381,5.62,48.4,8.98,4,542,14.3,89.95,16.79,50.0
3.262,80.0,11.22,0,0.65,6.1,52.1,5.47,8,303,19.6,320.27,31.7,40.28
8.305,0.0,13.77,0,0.574,5.57,84.8,10.47,24,407,20.9,221.58,21.73,37.6
2.687,80.0,18.49,1,0.832,7.61,54.3,3.97,7,669,14.0,175.67,10.72,50.0
5.1,12.5,27.02,0,0.449,4.61,71.8,1.19,2,479,14.5,61.11,21.73,38.51
6.145,0.0,19.87,0,0.468,8.59,41.7,5.34,6,396,15.7,19.57,15.42,50.0
2.022,80.0,23.84,0,0.413,7.04,54.1,4.12,8,462,13.0,93.79,18.97,50.0
2.888,25.0,21.35,0,0.453,8.24,9.0,9.91,3,590,18.6,201.91,11.61,50.0
4.241,80.0,18.23,1,0.411,7.45,79.5,1.52,6,437,17.7,317.24,35.66,48.0
3.713,60.0,26.89,0,0.415,6.63,92.0,4.94,7,458,12.2,370.44,4.38,50.0
6.888,12.5,16.46,1,0.648,5.59,20.1,6.49,1,320,12.2,66.97,37.13,33.31
0.044,80.0,3.09,0,0.453,4.17,21.8,3.8,7,593,16.6,224.86,17.79,50.0
3.86,80.0,6.32,0,0.589,8.27,24.7,10.18,3,315,16.4,154.55,29.29,50.0
3.597,95.0,14.94,1,0.698,5.9,25.2,8.33,4,496,14.0,239.18,24.31,50.0
3.569,0.0,26.25,0,0.469,4.42,6.5,2.39,2,540,20.4,307.44,18.99,38.38
4.219,80.0,22.09,0,0.615,7.35,2.1,5.84,24,655,16.0,122.72,25.62,49.21
2.788,80.0,16.51,0,0.814,4.25,82.0,5.44,6,616,18.9,13.41,32.74,20.48
4.73,40.0,9.0,0,0.61,3.99,74.4,12.21,7,370,21.6,175.18,5.07,50.0
4.258,0.0,15.87,1,0.489,4.83,70.1,7.83,1,363,15.7,43.71,20.57,48.19
6.413,60.0,8.59,0,0.798,6.87,91.8,8.14,24,523,18.1,138.39,11.42,50.0
6.956,40.0,20.85,0,0.745,5.34,27.2,1.84,5,304,16.0,368.32,22.8,37.73
2.535,25.0,7.95,1,0.52,6.67,28.4,5.71,1,718,19.6,332.11,26.89,39.77
2.758,40.0,14.01,0,0.677,6.19,93.6,12.37,24,714,17.8,370.61,4.69,50.0
2.933,80.0,3.99,0,0.436,6.19,6.2,4.76,24,536,13.9,250.16,30.02,48.84
4.456,0.0,23.7,0,0.398,3.85,31.6,7.52,5,570,21.3,58.89,23.6,30.42
2.382,0.0,24.73,0,0.432,7.69,22.0,10.93,6,582,20.6,209.87,23.01,50.0
6.02,80.0,26.52,1,0.856,4.19,58.2,3.51,2,447,19.1,219.31,8.0,43.89
4.396,12.5,2.79,0,0.838,6.55,6.7,3.35,3,375,20.3,62.54,25.82,41.85
5.521,12.5,8.87,0,0.47,5.83,66.3,1.22,4,641,19.1,164.99,28.43,29.85
5.475,95.0,22.94,0,0.651,8.31,95.1,4.61,3,467,15.8,231.22,2.85,50.0
2.276,80.0,12.33,0,0.412,5.12,99.4,4.47,6,239,13.6,212.96,30.28,46.34
6.27,0.0,22.51,0,0.587,5.49,45.9,4.87,3,383,14.0,206.51,6.67,50.0
6.786,0.0,4.13,1,0.661,4.34,22.0,1.11,1,404,14.0,162.05,17.32,35.98
3.961,60.0,21.65,0,0.837,3.85,85.9,2.63,8,535,19.5,125.1,34.25,12.86
8.048,40.0,6.19,0,0.841,4.67,24.6,7.69,5,679,13.7,11.53,11.02,39.55
6.416,0.0,3.93,0,0.605,8.53,80.4,10.31,1,273,16.5,64.71,7.05,50.0
4.113,40.0,2.08,1,0.829,5.09,88.5,6.32,2,667,18.4,274.25,12.88,36.71
4.933,0.0,25.49,0,0.569,7.0,24.3,11.03,8,337,19.9,186.21,6.49,50.0
4.864,0.0,4.7,0,0.773,6.72,69.4,5.43,24,468,19.1,363.11,27.81,33.27
5.281,12.5,17.43,1,0.661,8.5,79.9,2.15,2,268,21.8,47.32,17.94,50.0
6.632,40.0,27.03,1,0.776,7.51,6.9,11.54,2,645,20.6,342.51,18.94,50.0
0.921,12.5,16.65,0,0.431,8.66,62.5,8.99,3,505,19.4,356.18,5.05,50.0
1.926,80.0,26.02,0,0.502,6.59,19.8,1.25,5,333,13.4,149.11,14.94,50.0
7.795,60.0,23.45,0,0.825,7.5,2.1,7.21,4,387,21.8,116.86,17.38,48.01
5.56,95.0,23.2,1,0.629,6.7,34.4,4.12,1,350,12.1,148.52,26.28,50.0
6.102,0.0,17.03,0,0.473,7.21,50.7,8.18,3,586,16.3,261.13,6.92,50.0
4.224,60.0,6.8,0,0.602,6.29,33.3,2.96,6,337,12.2,31.97,15.78,50.0
4.182,0.0,1.25,0,0.661,8.44,16.8,4.29,2,510,21.2,379.06,29.44,41.55
6.764,40.0,9.03,1,0.494,5.02,67.5,10.34,7,356,20.3,286.85,25.57,37.89
6.782,60.0,2.55,0,0.686,3.94,67.5,4.91,4,389,19.2,88.52,20.92,28.25
5.137,95.0,23.5,0,0.725,4.59,82.3,1.96,3,276,21.5,68.62,3.82,50.0
4.962,0.0,19.7,0,0.806,6.52,54.5,12.4,5,188,13.0,231.33,20.64,50.0
5.287,60.0,8.85,0,0.748,7.99,68.0,1.49,7,361,17.7,199.43,35.5,42.93
3.541,12.5,22.96,0,0.76,8.6,64.5,4.24,7,498,19.8,47.13,17.11,50.0
6.235,0.0,3.52,0,0.73,5.98,16.2,1.86,3,197,15.1,25.39,11.52,50.0
7.586,0.0,8.1,1,0.839,8.39,57.7,10.91,2,272,16.7,244.09,6.68,50.0
6.571,25.0,16.03,0,0.699,6.37,21.5,9.46,1,238,14.2,171.46,16.16,50.0
5.696,0.0,2.18,0,0.839,7.54,54.8,3.22,7,373,20.7,1.53,24.38,38.74
2.718,12.5,24.43,0,0.649,3.81,36.8,8.92,7,355,18.6,224.07,23.62,34.2
7.13,60.0,4.93,1,0.751,8.47,86.1,3.04,24,391,20.8,199.09,34.04,47.31
5.216,12.5,6.29,1,0.58,7.53,51.6,8.3,24,592,13.8,180.54,10.17,50.0
7.175,0.0,0.52,0,0.473,7.12,79.5,3.31,4,336,13.0,214.55,19.8,50.0
6.072,0.0,12.95,0,0.639,5.43,93.9,9.47,1,595,21.5,191.42,15.27,34.94
2.756,40.0,22.79,0,0.383,8.29,54.7,2.16,5,433,19.7,246.54,18.28,50.0
0.941,80.0,25.29,0,0.553,6.77,58.8,7.13,4,486,15.5,197.45,28.17,50.0
2.838,0.0,19.44,1,0.561,8.57,41.1,5.42,3,542,17.7,37.39,12.98,50.0
5.885,0.0,9.77,0,0.675,7.16,63.6,1.1,8,485,20.9,229.94,23.49,39.03
5.188,0.0,21.15,1,0.587,8.74,31.8,9.79,7,676,12.2,1.53,29.93,50.0
3.16,80.0,7.38,0,0.716,8.05,29.9,4.17,24,378,20.0,318.31,32.34,50.0
2.525,25.0,23.15,0,0.481,7.47,54.6,7.13,7,479,19.8,211.83,10.81,50.0
5.079,0.0,18.4,1,0.809,5.43,18.7,10.61,1,347,16.0,381.49,2.45,50.0
6.911,0.0,0.99,0,0.513,7.97,37.1,2.2,4,180,17.6,214.18,21.56,50.0
6.766,40.0,13.53,0,0.683,7.48,27.7,10.83,2,535,16.2,343.51,1.54,50.0
4.13,40.0,25.21,0,0.38,4.03,35.8,5.49,7,284,17.9,345.08,23.07,39.08
5.14,40.0,10.96,0,0.653,7.64,20.8,6.04,24,481,16.3,226.03,19.6,50.0
2.22,0.0,18.15,1,0.459,8.19,80.8,1.36,4,617,15.7,273.04,2.76,50.0
6.067,25.0,4.05,0,0.573,5.17,35.6,5.85,7,563,13.6,373.09,14.98,41.75
7.876,40.0,25.07,1,0.807,4.48,93.4,9.83,3,365,13.2,3.14,9.73,50.0
2.065,25.0,12.37,0,0.507,5.34,90.3,4.49,5,513,15.7,88.44,17.17,50.0
4.705,12.5,14.93,0,0.383,7.95,97.0,4.31,6,403,13.0,278.43,32.89,47.33
6.838,12.5,11.15,0,0.844,8.45,8.7,9.25,8,422,21.2,254.05,24.43,45.66
6.745,25.0,14.97,0,0.683,6.58,71.8,4.69,6,355,13.8,265.36,7.3,50.0
3.8,40.0,3.24,0,0.859,5.44,38.1,1.97,2,236,15.4,20.73,32.51,34.45
7.15,0.0,7.47,1,0.531,6.16,76.9,8.34,6,324,15.0,346.83,28.08,43.59
2.903,80.0,3.72,0,0.724,8.7,47.0,3.99,4,217,15.3,193.82,20.77,50.0
7.941,12.5,11.87,0,0.717,5.0,65.1,11.56,3,617,21.4,203.6,19.72,30.62
2.812,95.0,2.34,0,0.615,6.18,2.9,10.51,7,368,15.2,24.84,7.72,50.0
5.311,40.0,22.96,0,0.834,7.44,49.3,10.27,24,231,13.0,224.06,4.97,50.0
2.808,25.0,8.04,1,0.623,7.48,45.4,5.36,3,587,17.9,25.92,12.48,50.0
4.095,25.0,24.49,1,0.508,8.33,7.2,7.76,1,217,13.1,211.26,21.5,50.0
1.542,95.0,24.96,0,0.46,7.32,54.9,5.71,24,477,21.0,67.55,11.91,50.0
2.556,95.0,8.53,1,0.666,5.99,57.0,11.08,8,516,18.4,226.64,28.91,48.17
5.707,0.0,23.25,0,0.468,4.16,75.0,6.32,24,255,20.2,118.77,21.0,40.22
1.17,80.0,24.77,1,0.387,5.44,58.9,4.44,5,516,20.1,313.51,30.41,44.45
6.792,0.0,14.62,1,0.861,4.32,19.9,3.5,1,394,17.3,135.63,17.07,36.6
9.44,12.5,16.96,1,0.789,4.2,94.6,4.87,1,203,19.4,244.96,34.93,21.66
3.128,0.0,23.0,1,0.609,4.03,32.9,7.44,7,613,17.9,87.72,30.2,28.05
3.436,40.0,20.6,0,0.75,6.12,75.4,9.84,6,379,13.3,156.6,28.61,46.46
2.974,0.0,0.78,0,0.798,8.72,32.1,8.43,6,537,13.2,287.16,2.56,50.0
5.236,95.0,22.04,0,0.401,5.44,88.2,4.44,8,391,16.0,359.5,35.51,39.43
5.39,12.5,10.74,1,0.449,6.0,23.3,5.01,7,431,14.1,96.05,23.89,50.0
2.004,95.0,9.19,1,0.424,6.96,30.6,8.66,2,522,20.6,325.62,9.86,50.0
1.47,40.0,21.83,0,0.43,5.25,40.5,8.81,1,317,20.4,361.58,18.45,50.0
5.709,0.0,15.21,1,0.868,7.05,42.2,4.95,4,482,13.8,32.63,30.87,41.74
4.693,60.0,2.57,0,0.685,7.28,96.0,4.72,4,522,17.4,324.72,35.0,35.64
1.055,40.0,26.51,0,0.473,6.6,2.1,6.64,4,188,14.6,193.13,8.72,50.0
3.156,0.0,7.61,0,0.711,6.07,53.8,7.66,6,396,21.3,228.35,22.28,41.43
5.024,25.0,19.27,0,0.659,4.67,54.6,10.87,24,645,19.7,345.77,28.91,27.42
8.18,12.5,22.94,0,0.643,8.26,15.3,6.65,8,452,20.9,8.44,36.81,40.4
6.393,0.0,21.8,1,0.791,7.9,78.0,9.81,1,387,15.1,82.66,19.64,50.0
5.652,80.0,6.05,1,0.597,7.54,96.3,3.56,4,399,16.0,302.03,17.63,50.0
4.604,0.0,16.84,0,0.842,5.55,52.2,8.32,7,203,13.9,50.69,5.93,50.0
4.048,0.0,25.44,0,0.701,4.65,87.2,11.29,1,544,16.5,53.16,10.94,38.99
0.514,80.0,19.12,0,0.429,4.88,28.5,12.48,4,257,12.6,191.59,23.8,50.0
6.873,0.0,4.39,0,0.647,6.13,59.6,9.46,8,334,19.4,390.14,33.03,31.01
4.063,0.0,10.58,1,0.793,7.77,20.2,1.16,4,356,16.2,42.82,31.65,43.81
3.362,60.0,14.7,0,0.717,4.88,48.5,2.72,7,639,18.9,67.41,35.57,17.02
2.612,40.0,21.54,0,0.572,7.81,72.7,1.81,6,381,16.1,215.8,2.15,50.0
2.659,40.0,1.31,0,0.623,4.48,95.6,7.48,1,206,20.0,85.8,18.07,49.03
1.38,80.0,5.13,0,0.433,6.5,39.3,1.47,24,663,20.8,260.0,19.34,46.18
3.664,25.0,9.04,0,0.744,7.76,99.9,2.28,3,250,16.7,2.5,10.5,50.0
2.707,0.0,22.78,0,0.524,7.73,90.4,3.11,3,275,18.5,6.11,13.67,50.0
5.784,0.0,4.33,0,0.666,5.33,82.7,10.18,8,364,15.8,8.97,25.95,38.64
3.73,40.0,3.05,0,0.61,4.19,47.6,10.41,24,204,21.7,268.75,11.0,50.0
6.329,95.0,9.97,1,0.398,4.33,58.3,2.27,24,273,13.7,170.61,33.59,43.1
0.022,95.0,24.39,0,0.615,5.94,88.1,12.28,7,309,14.1,150.57,3.18,50.0
5.448,25.0,12.82,0,0.63,4.95,82.4,7.41,2,292,17.7,194.76,23.93,36.17
2.685,25.0,1.68,1,0.66,7.43,53.9,10.47,4,582,18.1,289.88,5.73,50.0
3.592,12.5,8.02,0,0.63,5.15,94.6,1.45,3,300,14.2,383.19,16.18,45.12
2.251,0.0,5.04,0,0.478,7.43,69.3,9.54,1,547,21.0,0.59,8.7,50.0
6.154,0.0,15.31,1,0.502,5.26,72.0,5.64,4,293,18.1,1.33,20.28,46.37
2.877,0.0,3.78,0,0.579,3.81,58.8,10.84,2,573,17.7,294.25,6.63,45.8
7.26,12.5,25.71,1,0.743,6.89,40.0,7.23,6,487,17.4,334.45,4.04,50.0
1.445,60.0,13.46,0,0.57,4.0,4.3,7.86,24,463,18.8,98.84,5.39,50.0
5.922,80.0,2.73,0,0.636,4.23,11.1,7.95,6,445,15.3,56.17,22.21,37.86
8.541,0.0,5.61,0,0.774,7.12,8.7,3.34,4,464,16.1,11.9,12.9,49.89
3.029,25.0,8.15,0,0.803,5.96,16.5,1.62,1,321,14.7,255.59,1.59,50.0
6.144,0.0,19.1,0,0.831,7.06,52.3,7.86,5,181,13.5,353.51,6.21,50.0
9.001,0.0,13.92,0,0.823,6.14,79.4,5.12,4,601,15.1,377.47,9.22,37.13
8.189,25.0,2.85,0,0.866,6.6,15.7,9.06,2,298,18.9,372.4,24.25,46.24
2.766,40.0,15.74,0,0.706,8.26,13.2,1.36,8,357,14.2,104.98,16.11,50.0
1.433,12.5,14.6,1,0.422,4.25,88.1,11.43,4,310,17.7,393.01,24.2,44.0
9.624,0.0,18.18,0,0.844,7.38,3.1,9.46,7,512,14.2,323.43,33.97,35.4
8.376,25.0,10.81,0,0.856,5.33,19.4,2.66,8,609,21.9,338.21,12.09,27.35
7.399,0.0,9.49,0,0.559,7.4,80.3,12.3,5,683,20.5,102.98,13.94,44.14
8.145,60.0,14.94,0,0.841,7.58,75.4,2.45,8,367,15.9,391.69,19.85,50.0
5.234,60.0,25.74,1,0.847,8.08,29.1,1.88,8,598,20.5,175.43,32.68,40.25
4.42,80.0,13.11,0,0.705,6.69,64.6,5.16,1,602,21.7,43.2,19.88,43.99
6.809,25.0,26.79,0,0.495,8.12,81.5,4.54,5,609,20.8,299.22,21.26,44.24
7.682,40.0,21.85,1,0.793,6.82,75.6,2.88,5,356,12.2,158.63,26.57,47.76
4.412,0.0,21.19,0,0.709,6.86,77.9,7.29,2,330,16.6,1.0,25.74,43.94
3.655,25.0,14.01,0,0.735,6.44,29.2,10.22,24,203,21.9,160.8,33.05,45.14
2.307,0.0,27.31,0,0.425,7.88,38.4,3.25,5,264,20.0,74.02,32.94,50.0
6.374,25.0,17.01,1,0.382,8.53,50.7,2.16,24,574,12.5,23.2,7.04,50.0
3.034,80.0,15.37,0,0.419,7.84,5.2,1.15,5,666,20.1,95.53,28.76,45.74
0.266,80.0,21.07,1,0.402,7.55,88.7,9.71,3,543,18.8,244.82,28.8,50.0
5.993,0.0,16.21,0,0.794,6.98,82.5,4.78,6,189,18.3,30.58,36.45,34.24
6.682,0.0,19.57,0,0.612,4.63,53.8,10.97,8,715,19.4,187.21,29.84,15.18
6.077,12.5,13.13,1,0.432,3.94,69.6,2.28,8,338,13.3,80.49,23.04,40.59
6.895,60.0,7.29,1,0.76,6.48,49.5,10.63,1,638,20.8,222.13,4.92,50.0
3.927,25.0,15.27,0,0.764,6.13,97.1,1.36,3,443,18.7,116.36,30.54,34.2
2.302,0.0,4.88,0,0.571,3.99,99.3,7.93,7,540,20.5,103.03,25.66,28.4
6.703,40.0,2.29,0,0.5,8.05,91.6,5.19,3,271,15.2,292.04,32.03,50.0
7.746,60.0,2.46,1,0.835,4.89,37.7,12.26,24,444,20.9,62.13,32.4,29.72
5.051,95.0,23.87,0,0.521,8.08,51.3,3.53,1,488,21.1,293.15,23.23,50.0
2.375,40.0,23.67,0,0.452,5.64,9.0,6.48,6,577,19.0,160.46,30.38,41.38
2.918,40.0,6.78,0,0.426,5.43,82.4,11.13,5,690,16.2,305.1,6.75,50.0
3.608,60.0,23.6,0,0.537,5.03,35.0,9.56,2,320,17.5,30.31,17.61,50.0
8.293,0.0,6.82,0,0.755,6.29,11.6,5.17,3,565,20.5,253.81,29.21,25.36
2.646,12.5,20.33,0,0.455,7.73,44.6,9.49,6,466,16.2,183.6,6.23,50.0
6.216,0.0,12.94,0,0.785,6.12,37.4,10.26,8,415,16.8,286.82,9.01,50.0
3.726,12.5,14.81,0,0.815,5.28,9.1,4.47,6,650,18.7,152.14,6.99,41.21
4.805,60.0,19.0,1,0.861,8.27,20.2,6.94,5,226,16.5,170.12,6.04,50.0
4.149,12.5,4.38,0,0.801,7.33,94.4,3.39,24,590,16.8,274.51,14.25,50.0
5.49,60.0,19.99,1,0.678,5.83,67.8,1.35,5,709,21.2,207.7,15.56,36.42
5.689,40.0,21.56,0,0.507,5.53,4.5,7.04,3,665,14.0,165.95,4.1,50.0
4.653,80.0,12.08,0,0.76,5.37,68.8,9.49,7,641,12.6,188.01,23.03,42.81
5.107,40.0,7.38,1,0.797,6.73,86.5,3.77,24,445,13.5,71.81,8.77,50.0
4.02,80.0,20.17,0,0.409,4.68,94.5,2.69,2,288,19.6,331.78,31.71,37.27
6.067,0.0,26.66,0,0.587,4.09,30.9,8.09,24,560,13.1,106.45,21.44,30.67
8.206,40.0,5.24,0,0.789,8.58,2.8,7.72,3,371,12.3,71.51,16.29,50.0
4.864,95.0,0.88,0,0.47,5.79,50.6,1.89,7,205,20.7,178.83,33.69,46.64
4.718,0.0,11.3,0,0.598,7.69,89.0,8.88,1,478,17.8,82.82,16.29,50.0
3.981,25.0,10.67,0,0.798,8.12,45.2,7.48,8,623,21.8,363.51,1.2,50.0
2.751,60.0,20.92,0,0.507,4.58,36.3,9.38,24,512,13.1,239.58,28.31,41.43
5.394,0.0,27.27,1,0.468,8.11,17.7,7.58,7,407,15.5,18.96,37.07,49.61
5.84,0.0,22.92,1,0.602,7.03,82.8,6.22,3,491,15.6,81.53,19.1,50.0
1.67,40.0,1.13,0,0.628,6.53,31.5,1.03,8,552,19.5,335.97,1.8,50.0
8.078,0.0,15.76,0,0.672,4.63,77.6,11.4,5,423,18.2,110.93,21.06,32.92
7.323,0.0,24.77,0,0.849,5.04,19.0,12.01,4,546,12.7,61.11,14.85,39.1
9.007,0.0,3.57,0,0.865,5.22,80.0,8.85,1,411,20.6,230.56,31.09,17.73
3.826,12.5,17.34,0,0.474,4.61,85.3,5.53,3,616,13.3,322.22,1.99,50.0
3.747,12.5,3.81,0,0.749,4.25,88.2,1.66,6,582,15.1,347.12,23.24,22.31
6.143,0.0,7.05,1,0.577,4.18,47.1,7.76,5,343,12.7,5.91,7.74,50.0
3.161,0.0,15.79,1,0.548,8.73,11.6,2.52,7,637,12.8,90.92,18.82,50.0
0.804,60.0,23.58,0,0.612,4.56,85.6,8.24,7,437,15.8,356.14,6.25,50.0
1.714,0.0,12.61,0,0.393,6.66,17.5,9.53,24,455,15.2,54.55,3.26,50.0
5.819,40.0,19.16,0,0.554,5.39,28.5,9.28,3,282,17.8,41.7,9.8,50.0
5.638,80.0,13.6,1,0.692,5.1,61.3,2.46,5,314,13.5,37.08,21.17,47.63
7.525,40.0,19.41,0,0.669,7.48,97.0,4.48,24,674,16.9,171.23,24.46,36.36
8.311,12.5,24.28,0,0.669,8.73,44.1,2.1,1,349,15.4,284.34,25.62,50.0
2.255,95.0,9.51,0,0.74,6.45,83.3,7.23,6,627,19.1,189.65,15.97,50.0
2.773,25.0,11.24,0,0.703,7.69,37.5,11.63,6,562,12.8,232.43,7.24,50.0
4.921,40.0,0.73,0,0.641,5.56,80.0,11.74,7,352,19.6,392.48,17.55,46.4
5.497,25.0,24.28,0,0.424,8.53,79.7,3.83,5,269,14.9,227.58,22.98,50.0
0.0,60.0,11.15,1,0.399,5.85,2.0,11.56,6,233,21.6,143.4,8.19,50.0
3.079,0.0,1.01,0,0.681,4.05,76.5,7.61,4,559,19.6,213.83,7.57,42.18
3.829,0.0,2.84,0,0.567,3.83,6.6,12.1,24,327,16.6,261.59,12.85,45.2
2.319,60.0,22.94,0,0.612,5.98,14.7,4.24,24,542,12.1,227.2,9.45,50.0
4.712,0.0,12.51,1,0.703,8.09,68.0,3.36,4,600,13.1,255.17,30.32,46.88
4.457,60.0,8.59,0,0.731,5.75,29.1,10.4,2,381,16.6,184.13,25.36,45.16
4.325,60.0,24.65,0,0.587,7.26,79.4,7.95,3,226,20.2,349.27,30.93,50.0
3.135,0.0,14.31,1,0.39,4.23,84.9,8.13,4,356,15.0,72.53,33.64,33.73
3.655,25.0,7.7,0,0.418,6.28,23.5,4.97,6,381,17.0,154.28,10.45,50.0
4.378,0.0,10.19,0,0.759,5.65,24.1,10.68,3,608,17.6,16.46,26.46,32.7
5.112,25.0,2.21,0,0.86,3.82,35.2,6.76,6,500,16.8,374.52,7.45,37.63
6.439,40.0,21.57,0,0.789,3.96,78.5,6.48,2,448,18.7,19.81,19.08,28.99
7.703,0.0,8.43,1,0.628,8.33,27.7,3.44,1,585,19.3,32.69,28.84,45.94
3.847,40.0,24.22,0,0.819,8.05,14.9,11.08,4,593,17.5,321.15,36.69,42.1
5.593,0.0,14.53,0,0.84,4.55,48.6,9.0,2,191,19.8,122.27,2.52,50.0
4.274,95.0,10.9,0,0.858,5.62,75.8,5.93,6,217,14.3,98.42,10.88,50.0
7.482,12.5,1.23,1,0.696,7.13,4.2,5.65,2,318,13.8,72.8,16.18,50.0
3.377,25.0,21.45,0,0.758,6.06,65.4,5.96,4,694,19.6,268.4,30.91,26.38
7.269,12.5,15.96,0,0.529,7.87,70.2,8.98,24,673,21.9,9.55,32.22,35.13
4.942,0.0,23.28,0,0.66,4.49,13.6,6.24,5,612,19.6,303.57,21.17,29.97
6.055,0.0,11.49,0,0.472,4.11,8.8,9.77,1,665,13.9,321.32,22.51,32.03
2.88,0.0,18.67,0,0.62,6.61,43.0,4.71,4,418,16.6,181.6,34.83,37.1
8.205,25.0,16.99,0,0.579,5.26,5.0,9.26,24,420,21.7,34.57,29.53,28.84
4.264,0.0,3.55,0,0.76,6.85,43.0,1.31,7,363,12.6,134.94,20.93,48.69
5.101,95.0,4.88,0,0.494,8.36,74.8,4.2,4,235,19.0,310.7,26.67,50.0
4.371,95.0,3.51,1,0.626,8.44,39.9,5.33,5,407,18.8,136.43,24.87,50.0
4.084,0.0,3.28,0,0.812,6.7,72.8,2.63,24,275,15.3,79.27,17.6,50.0
2.491,0.0,11.63,0,0.401,8.2,22.0,6.9,24,212,17.2,356.52,36.55,50.0
6.17,0.0,14.77,1,0.65,7.06,77.5,10.58,24,514,19.5,11.98,32.47,37.68
5.527,40.0,26.19,0,0.694,6.13,29.0,1.87,24,182,16.2,235.1,5.16,50.0
7.004,0.0,5.13,1,0.579,4.46,56.6,7.1,1,425,18.2,181.1,24.52,36.71
3.99,60.0,5.75,0,0.517,4.89,80.7,5.39,3,439,15.3,207.15,31.39,32.2
8.112,0.0,0.8,0,0.777,8.45,16.0,2.87,6,400,16.1,7.37,4.33,50.0
0.705,80.0,10.33,0,0.469,8.35,57.8,5.66,1,435,18.1,257.6,17.61,50.0
8.244,12.5,10.64,0,0.794,8.26,32.2,5.05,4,615,14.6,299.22,26.9,43.75
9.523,25.0,18.85,0,0.808,7.94,28.7,11.09,24,330,13.2,347.0,22.09,50.0
7.548,40.0,7.96,1,0.581,8.8,96.2,3.65,1,570,16.0,184.0,29.69,48.71
5.135,0.0,3.99,0,0.658,6.22,91.3,11.21,3,318,19.5,377.58,7.88,50.0
3.517,60.0,15.72,0,0.385,5.88,9.1,6.22,7,361,13.9,136.83,23.58,50.0
3.819,0.0,16.38,0,0.486,7.56,74.0,10.95,7,707,16.6,196.64,23.6,49.95
2.717,0.0,8.63,0,0.505,4.66,53.3,10.97,5,432,13.0,79.44,20.53,48.83
6.62,0.0,4.68,0,0.577,3.95,89.9,4.33,1,657,21.3,58.26,23.83,13.08
6.312,25.0,20.51,0,0.798,8.15,73.6,7.49,4,487,13.2,81.02,31.03,42.54
2.409,95.0,13.19,0,0.67,6.5,65.2,10.58,7,484,13.6,311.93,35.77,49.63
5.847,40.0,17.27,0,0.407,4.71,35.0,3.67,8,616,16.3,374.04,4.79,50.0
1.904,60.0,3.88,0,0.698,8.09,41.4,2.51,1,267,16.7,144.67,24.23,50.0
2.728,60.0,3.21,1,0.66,8.69,17.0,9.79,5,186,15.1,315.7,12.37,50.0
2.622,40.0,6.59,0,0.702,6.21,62.6,10.78,2,193,12.5,194.56,8.27,50.0
4.826,40.0,2.18,1,0.422,6.68,67.0,12.11,3,521,20.3,295.38,22.6,50.0
5.388,95.0,13.58,0,0.605,4.75,73.7,10.32,5,461,20.5,113.76,23.53,39.44
4.141,0.0,12.49,1,0.804,7.67,32.9,1.76,1,661,16.1,30.25,29.01,38.73
2.631,0.0,26.89,0,0.424,7.28,96.2,2.91,24,535,12.8,139.58,8.13,50.0
6.742,0.0,15.58,0,0.629,5.52,55.4,1.91,2,508,21.0,179.36,11.04,38.42
3.398,40.0,7.22,0,0.832,4.03,50.2,6.44,1,471,12.1,97.57,31.67,26.2
4.319,25.0,3.67,0,0.863,8.77,26.4,11.62,24,333,13.8,319.22,1.89,50.0
3.117,0.0,21.21,0,0.497,5.66,82.4,7.38,5,201,18.6,212.02,1.46,50.0
1.431,40.0,2.94,1,0.518,5.99,60.8,10.97,4,530,19.2,52.45,3.05,50.0
4.904,25.0,7.62,0,0.627,6.34,7.2,9.84,7,679,12.4,285.7,23.39,48.7
3.951,0.0,1.61,0,0.674,6.88,55.0,9.31,5,407,12.8,79.26,32.68,43.19
2.841,0.0,3.1,0,0.651,6.6,35.6,10.2,4,370,18.6,44.23,25.28,50.0
7.533,0.0,4.46,0,0.491,8.32,68.5,6.47,5,552,19.1,117.59,27.88,40.51
6.381,95.0,18.83,0,0.83,8.28,9.8,9.63,5,579,19.5,326.6,22.17,50.0
4.956,60.0,24.16,1,0.774,8.79,15.0,5.69,4,514,19.0,228.7,35.15,50.0
3.783,0.0,20.72,0,0.743,5.31,14.7,6.59,24,639,12.1,359.93,20.13,42.27
6.19,0.0,11.12,0,0.574,4.99,83.3,5.27,3,269,18.5,170.24,31.98,30.6
3.125,0.0,23.71,0,0.67,8.74,7.8,9.52,1,326,15.6,9.25,10.7,50.0
1.81,80.0,20.94,1,0.721,5.63,86.0,7.61,3,581,12.4,247.38,20.74,50.0
4.576,80.0,9.92,1,0.838,7.11,27.3,4.14,3,224,15.2,296.55,36.62,47.52
5.194,40.0,6.58,0,0.441,3.88,57.0,9.26,7,536,18.3,210.12,11.49,41.58
3.156,40.0,11.25,1,0.457,4.64,79.8,5.27,2,685,18.2,20.77,26.88,30.59
7.666,60.0,3.27,1,0.792,5.35,43.5,6.15,5,639,20.6,61.23,16.6,32.56
2.395,12.5,10.04,0,0.559,5.63,9.0,11.98,1,249,16.4,269.65,24.49,50.0
4.203,0.0,9.03,0,0.55,6.0,8.1,2.48,5,489,12.8,97.36,13.08,50.0
5.432,60.0,26.65,0,0.485,7.2,33.3,11.8,8,235,15.2,182.67,22.19,50.0
1.731,95.0,17.71,1,0.593,7.52,31.4,9.26,4,619,15.3,351.33,21.49,50.0
5.935,80.0,7.62,1,0.574,8.57,38.7,6.39,3,428,21.9,275.47,32.36,50.0
4.122,25.0,7.1,0,0.775,4.3,20.2,1.29,6,622,16.9,86.13,32.46,19.3
6.141,80.0,6.24,0,0.483,8.79,41.7,3.98,3,316,15.2,302.87,31.17,50.0
0.723,80.0,10.65,0,0.507,6.0,92.0,8.15,3,409,19.2,344.3,25.11,49.98
2.881,0.0,1.09,0,0.503,8.76,8.4,8.09,4,359,17.2,116.42,8.86,50.0
6.874,95.0,4.53,0,0.772,6.22,82.3,10.91,6,455,18.9,50.34,15.39,50.0
4.506,60.0,15.85,0,0.479,8.6,14.2,1.04,7,471,21.8,84.72,6.72,50.0
5.176,0.0,25.17,1,0.6,6.13,22.0,1.87,24,214,21.5,159.48,12.05,50.0
3.659,80.0,0.59,0,0.406,5.69,5.4,8.07,3,695,20.0,53.69,11.64,50.0
3.822,80.0,21.86,0,0.737,4.46,50.6,1.21,7,664,19.8,145.59,7.18,38.09
8.595,0.0,23.23,1,0.787,3.87,5.9,9.13,4,700,18.6,141.63,32.34,10.8
5.949,25.0,26.04,0,0.519,6.04,32.9,6.59,4,286,17.2,86.36,22.72,50.0
4.226,95.0,19.62,0,0.506,8.37,51.6,1.4,6,501,12.1,111.96,26.98,50.0
4.492,60.0,21.43,1,0.525,4.44,75.0,12.22,5,570,13.0,40.03,27.59,44.32
4.623,95.0,22.25,0,0.704,8.35,34.3,4.32,6,413,14.5,1.62,3.71,50.0
5.935,0.0,4.21,0,0.78,8.66,70.9,4.5,8,487,13.7,353.04,24.57,50.0
2.263,95.0,19.29,0,0.795,7.67,53.6,11.45,3,389,16.5,255.19,25.01,50.0
5.802,25.0,2.32,0,0.568,4.19,73.7,9.03,5,558,16.0,185.57,37.24,23.29
7.718,25.0,11.07,0,0.633,7.23,63.1,7.52,7,377,20.8,214.95,36.93,36.78
3.599,80.0,4.66,1,0.774,4.05,55.2,7.6,3,607,12.8,159.07,1.27,50.0
5.603,40.0,20.28,1,0.846,5.45,67.2,7.01,7,510,15.3,301.11,33.87,33.78
2.135,0.0,7.38,1,0.515,3.83,39.9,6.13,24,604,20.1,339.68,11.77,37.07
0.661,60.0,10.03,0,0.432,4.68,27.2,4.48,2,704,17.9,187.46,11.96,50.0
8.934,12.5,5.94,1,0.827,8.79,3.7,9.92,6,661,20.7,289.81,17.75,50.0
3.215,0.0,24.31,0,0.777,5.14,91.8,6.9,7,242,13.7,316.45,13.31,50.0
6.44,95.0,6.53,0,0.746,4.86,67.5,1.14,7,247,20.2,188.78,18.94,44.72
3.839,80.0,4.14,0,0.545,4.56,28.3,3.41,7,456,17.3,118.6,34.83,30.02
5.248,60.0,20.8,1,0.527,6.35,98.4,7.59,8,408,17.7,268.63,33.87,43.94
5.098,95.0,1.72,1,0.381,7.39,26.6,2.69,1,418,21.7,140.41,20.63,50.0
4.68,95.0,8.07,0,0.61,8.02,17.0,3.61,8,650,16.7,211.39,18.03,50.0
3.952,0.0,18.22,0,0.632,5.93,28.2,11.45,24,342,14.0,198.79,28.92,46.42
2.105,95.0,24.09,0,0.432,5.9,26.0,9.81,3,619,12.3,255.14,27.74,50.0
6.405,25.0,4.98,1,0.791,5.26,52.6,2.13,8,377,19.0,152.39,7.73,49.95
5.33,0.0,10.53,0,0.61,6.3,30.9,2.69,7,550,20.2,223.5,16.33,44.37
1.19,60.0,25.55,0,0.445,7.42,23.6,6.45,8,694,21.5,10.71,6.61,50.0
8.576,0.0,1.47,1,0.535,5.16,80.3,7.23,8,236,18.7,219.16,30.97,35.03
2.451,25.0,2.41,1,0.586,5.37,21.8,7.04,24,220,20.4,297.26,18.12,50.0
5.067,40.0,13.84,0,0.653,5.31,52.0,8.0,7,351,16.0,218.27,19.7,46.73
7.435,12.5,14.68,0,0.85,7.23,41.1,2.74,7,291,13.8,371.36,30.09,42.55
4.922,40.0,20.43,0,0.456,6.64,79.3,7.01,7,280,17.1,53.11,30.91,48.43
3.607,60.0,10.98,0,0.808,4.04,59.4,3.52,3,327,15.9,240.8,9.55,49.34
6.894,60.0,18.36,1,0.831,5.01,33.0,5.84,6,651,17.1,164.22,20.19,32.16
4.901,12.5,9.63,1,0.387,6.23,25.1,2.17,3,403,13.0,130.69,24.39,50.0
2.021,80.0,18.76,0,0.555,7.02,53.4,8.11,4,708,14.7,326.32,10.75,50.0
5.655,95.0,6.15,0,0.533,5.34,49.4,1.59,2,336,21.4,388.08,30.35,34.72
4.414,95.0,27.24,0,0.539,7.55,82.3,9.93,2,218,17.8,173.81,33.29,50.0
8.329,0.0,6.77,0,0.774,6.94,37.0,6.89,5,601,21.8,228.02,11.86,45.55
3.849,60.0,20.09,1,0.847,7.87,8.5,3.51,3,506,16.8,301.0,19.72,50.0
5.843,80.0,10.38,0,0.675,7.32,16.4,6.05,2,701,15.9,222.09,28.49,39.9
8.438,0.0,9.45,0,0.832,7.11,65.0,12.45,4,412,13.8,35.91,32.62,34.03
6.961,40.0,17.42,0,0.643,6.72,80.1,1.28,8,392,15.0,315.42,32.32,36.65
2.639,0.0,9.83,0,0.647,7.05,92.3,6.6,2,614,12.6,1.17,1.49,50.0
3.406,95.0,18.44,1,0.657,4.16,83.7,4.3,2,413,19.9,119.01,11.12,50.0
5.062,0.0,19.54,0,0.78,4.82,49.7,6.17,1,311,17.9,285.36,5.64,50.0
4.185,12.5,26.72,0,0.778,5.92,85.6,5.0,1,573,19.1,74.29,21.64,33.18
8.349,80.0,3.82,1,0.865,5.87,95.3,1.02,6,583,21.2,110.29,31.02,20.58
5.085,0.0,4.11,0,0.512,6.74,5.9,11.35,4,628,21.7,219.77,33.97,33.75
3.569,0.0,3.03,1,0.681,5.44,64.3,4.17,7,303,14.7,10.68,7.08,50.0
4.213,0.0,12.86,1,0.825,5.97,32.1,10.99,7,233,13.1,152.3,19.12,50.0
8.178,40.0,20.35,1,0.818,6.97,36.9,9.72,3,677,18.9,149.09,33.59,28.87
3.725,0.0,1.21,0,0.381,4.69,80.6,4.95,4,457,19.8,367.28,10.47,46.32
6.986,0.0,14.9,0,0.661,5.3,76.0,12.0,2,438,21.3,109.54,28.05,27.93
0.504,80.0,8.4,0,0.453,4.26,27.6,9.99,8,718,17.2,234.03,12.72,50.0
2.253,0.0,8.32,0,0.52,6.0,65.8,5.89,24,378,12.5,209.7,14.84,50.0
3.111,95.0,13.47,0,0.422,4.83,10.3,2.06,2,436,14.3,191.06,16.26,50.0
8.316,0.0,13.62,0,0.649,4.29,62.3,5.66,24,507,16.2,51.15,29.16,19.66
0.06,95.0,18.1,0,0.45,5.94,58.7,3.28,2,561,21.4,71.13,28.49,40.62
4.801,0.0,5.77,0,0.85,5.96,34.9,8.44,6,199,18.8,363.37,6.11,50.0
6.764,25.0,21.78,0,0.578,6.2,12.1,1.87,6,325,12.2,390.19,15.87,50.0
5.457,95.0,4.3,0,0.798,5.19,5.1,4.67,3,368,18.6,18.73,14.98,45.8
4.82,0.0,23.46,0,0.752,5.08,32.1,3.57,2,377,14.3,69.18,7.72,50.0
3.754,12.5,4.77,0,0.544,8.1,68.6,4.83,4,491,13.9,158.65,29.58,50.0
6.046,0.0,5.18,1,0.59,5.14,75.1,9.39,6,433,16.4,180.12,25.79,41.1
4.239,12.5,7.97,0,0.467,6.16,24.7,5.65,2,522,18.9,395.82,37.33,33.96
9.521,0.0,7.72,1,0.851,5.65,26.1,8.36,1,606,16.2,41.76,18.49,32.23
3.38,60.0,23.42,0,0.458,8.19,78.2,11.91,7,624,19.2,264.7,13.51,50.0
4.243,60.0,3.94,0,0.746,4.57,21.8,11.47,7,685,21.2,59.83,4.82,42.86
5.321,80.0,23.81,1,0.846,7.52,55.6,3.58,5,397,21.4,113.76,21.3,50.0
7.209,0.0,11.65,0,0.573,6.49,31.0,6.41,4,259,16.2,140.69,9.31,50.0
6.755,60.0,24.72,0,0.72,4.24,26.0,6.72,4,665,13.3,23.39,26.57,29.34
8.484,0.0,7.89,1,0.779,8.59,90.6,1.22,3,575,19.3,227.76,5.36,50.0
4.293,60.0,21.66,0,0.764,6.01,20.0,8.39,3,348,15.9,278.83,13.75,50.0
5.708,12.5,16.64,1,0.448,8.45,86.3,7.77,5,191,14.2,325.72,10.7,50.0
6.422,0.0,5.4,1,0.724,5.72,30.6,6.29,7,642,21.9,10.15,26.23,25.28
2.618,12.5,16.7,0,0.431,5.75,18.6,10.03,1,296,16.0,285.14,22.0,50.0
4.21,0.0,5.76,0,0.513,5.16,48.7,8.66,8,390,21.6,108.6,30.4,35.05
0.152,95.0,22.02,0,0.423,4.11,9.0,5.99,4,218,12.7,99.64,21.14,50.0
8.317,25.0,16.12,0,0.758,4.04,32.5,11.34,3,219,13.5,222.99,33.62,32.81
4.555,60.0,25.23,0,0.747,4.16,62.8,1.45,5,327,13.2,335.63,8.42,50.0
5.896,40.0,8.66,0,0.815,8.78,22.5,3.27,7,242,19.0,224.44,25.84,50.0
1.968,0.0,6.05,1,0.409,5.42,49.1,10.83,2,687,13.2,348.04,29.96,42.57
7.209,0.0,27.4,0,0.824,7.15,2.4,12.16,24,270,14.9,47.32,32.09,45.74
7.847,40.0,4.19,1,0.838,4.18,93.1,3.45,7,667,20.5,146.26,15.08,22.59
4.25,0.0,6.95,0,0.398,6.99,31.6,12.16,7,305,19.8,396.41,7.26,50.0
5.101,25.0,24.18,0,0.728,4.21,34.9,4.81,7,623,21.7,73.64,3.46,41.44
1.355,40.0,5.01,0,0.466,7.08,74.5,11.27,1,322,18.3,112.32,27.66,50.0
0.673,95.0,16.62,0,0.635,8.37,37.2,5.49,5,698,17.7,376.91,9.17,50.0
6.739,40.0,12.18,0,0.84,8.39,22.4,5.19,24,483,20.9,338.05,7.82,50.0
8.707,0.0,11.02,0,0.753,5.61,38.0,3.98,1,667,12.2,17.0,11.88,41.9
8.453,0.0,23.15,0,0.864,5.69,65.5,12.05,3,446,12.4,278.0,17.47,44.91
2.957,0.0,26.65,1,0.58,6.8,67.9,12.37,2,677,13.4,55.85,18.45,50.0
1.879,0.0,3.79,0,0.449,4.51,16.5,3.01,3,470,12.1,110.23,13.09,48.53
6.553,25.0,1.36,0,0.425,7.43,56.3,6.2,2,413,15.7,310.28,27.07,49.91
3.728,0.0,22.8,0,0.475,8.64,94.5,11.67,3,314,21.2,3.04,35.39,50.0
5.811,40.0,26.33,0,0.673,6.12,25.5,2.47,24,197,20.5,9.42,12.1,50.0
4.091,40.0,7.05,0,0.68,8.16,14.4,9.76,2,448,14.9,220.55,30.6,50.0
5.104,0.0,15.37,0,0.422,6.35,56.4,8.02,1,574,14.2,136.67,37.31,35.47
6.088,0.0,18.69,0,0.608,6.73,13.3,2.68,4,635,14.5,364.24,9.86,50.0
6.94,0.0,9.11,0,0.651,8.59,91.7,10.02,5,201,17.4,110.44,22.31,50.0
3.636,60.0,15.79,0,0.718,5.6,17.0,7.99,24,619,12.1,26.46,2.79,50.0
2.83,12.5,12.71,0,0.562,8.27,10.1,4.66,8,604,12.9,88.38,25.56,50.0
1.357,95.0,2.08,0,0.488,3.9,29.5,6.51,7,344,18.4,336.92,11.94,50.0
1.728,80.0,23.71,0,0.538,8.18,2.9,4.24,3,426,19.4,357.59,7.44,50.0
7.883,0.0,7.9,1,0.728,5.34,72.6,4.93,7,290,15.3,134.17,17.97,44.72
3.399,0.0,10.87,1,0.656,5.69,17.9,2.89,8,242,14.4,302.79,9.2,50.0
4.816,25.0,10.19,0,0.796,5.41,54.7,10.32,24,576,14.3,110.95,34.73,26.97
7.595,0.0,24.93,0,0.597,4.3,31.0,2.81,3,314,12.3,34.54,18.17,37.17
2.507,0.0,10.2,0,0.669,8.3,39.5,3.41,1,585,14.2,50.09,14.13,50.0
4.255,12.5,16.33,0,0.528,7.7,82.5,1.09,3,226,16.2,266.49,2.8,50.0
4.175,12.5,10.59,0,0.62,6.24,61.2,1.02,1,368,19.1,257.2,16.92,44.86
7.743,40.0,10.67,0,0.723,4.12,74.5,5.07,5,182,19.3,229.95,24.0,30.37
4.613,25.0,21.94,0,0.736,8.69,15.4,3.69,7,659,16.7,310.31,29.43,43.95
0.66,80.0,20.32,0,0.598,7.71,13.6,4.4,6,380,18.8,277.55,4.86,50.0
1.566,80.0,12.05,1,0.729,5.5,35.8,8.58,7,248,13.3,311.07,6.92,50.0
4.562,40.0,13.37,0,0.579,4.17,72.7,1.69,3,431,12.7,45.2,18.7,43.7
3.343,0.0,10.93,1,0.69,4.82,26.1,2.74,8,306,17.4,232.49,3.65,50.0
2.541,95.0,19.95,0,0.583,8.36,10.2,4.29,3,499,13.9,15.89,35.74,50.0
5.946,12.5,15.88,0,0.808,7.32,9.2,2.65,7,532,18.0,248.61,32.5,30.82
0.787,80.0,20.88,0,0.431,7.1,21.8,8.85,7,530,17.7,350.22,13.61,50.0
8.545,0.0,3.04,0,0.707,3.95,40.0,5.06,7,582,14.9,171.1,33.03,16.17
6.971,40.0,2.22,0,0.619,8.77,33.0,4.97,4,680,21.5,145.04,15.51,50.0
2.739,80.0,26.89,0,0.639,6.36,59.7,2.84,5,474,19.1,329.61,1.8,50.0
4.287,0.0,26.38,0,0.856,5.89,39.5,11.68,2,326,20.2,21.53,16.6,46.23
3.027,60.0,19.7,0,0.673,4.96,33.3,1.25,8,400,14.6,348.21,33.06,35.1
8.357,25.0,12.3,0,0.822,4.73,79.2,4.37,8,652,17.5,340.16,35.59,11.7
6.631,0.0,8.25,0,0.857,7.42,47.4,11.09,6,299,20.6,115.62,25.25,42.44
5.256,95.0,4.12,0,0.602,7.2,94.8,12.33,3,428,13.9,256.04,33.59,50.0
7.067,25.0,9.05,1,0.619,7.63,45.6,5.55,7,404,18.7,336.85,30.0,45.9
7.73,0.0,3.55,0,0.813,7.93,4.7,11.92,1,710,14.9,364.4,5.68,50.0
4.092,95.0,6.0,0,0.587,6.06,58.5,1.26,24,350,21.4,274.39,23.39,48.99
6.012,0.0,19.33,1,0.384,5.48,68.4,7.98,5,625,20.8,237.9,1.89,50.0
6.643,25.0,15.84,0,0.436,4.74,27.6,5.25,2,400,15.7,327.39,36.86,25.09
5.362,40.0,8.38,0,0.613,7.74,54.0,8.95,1,229,14.2,207.94,19.85,50.0
2.607,0.0,8.22,0,0.41,4.11,25.7,5.01,7,701,15.4,272.71,31.84,25.24
5.117,0.0,7.91,0,0.614,6.09,36.5,1.57,1,192,13.0,160.08,35.46,39.29
4.562,80.0,23.2,1,0.649,3.98,96.3,7.99,3,653,19.9,260.79,15.98,38.37
7.303,12.5,13.56,0,0.594,4.33,52.6,5.48,24,612,13.1,225.74,18.39,32.18
1.02,95.0,5.95,0,0.458,4.13,87.2,9.27,1,520,21.7,212.86,14.87,48.9
3.113,0.0,16.38,1,0.54,7.33,55.5,3.84,4,433,17.8,235.47,29.16,45.73
4.336,60.0,18.31,0,0.609,7.68,49.2,7.43,2,518,17.4,106.24,16.74,50.0
6.095,12.5,0.62,0,0.383,7.74,35.4,2.81,8,363,16.8,152.51,22.92,50.0
3.725,40.0,2.38,0,0.777,7.35,18.1,2.45,24,559,21.4,169.27,36.83,31.55
7.753,12.5,25.92,0,0.642,6.62,48.2,11.19,1,647,19.7,88.81,33.01,31.74
1.094,80.0,13.17,0,0.439,7.6,30.7,4.67,8,696,21.2,78.75,29.87,47.45
6.983,0.0,4.45,0,0.785,7.38,29.3,3.22,5,680,14.2,269.02,2.92,50.0
3.941,80.0,27.11,0,0.751,7.97,78.8,11.39,2,666,13.1,144.78,23.57,50.0
3.611,80.0,11.48,0,0.678,7.42,39.0,10.83,4,474,19.8,6.38,23.75,50.0
4.223,25.0,26.01,1,0.714,5.62,78.5,8.18,3,310,20.4,229.99,29.13,40.52
7.697,0.0,12.88,0,0.72,6.19,25.8,1.58,2,522,16.9,254.23,5.23,47.36
7.204,0.0,1.68,1,0.727,8.35,43.1,1.35,1,317,16.0,222.47,27.56,50.0
4.203,40.0,16.64,0,0.488,5.25,51.0,3.38,8,271,18.0,42.78,22.11,43.94
6.968,25.0,10.88,1,0.863,5.74,29.8,10.57,3,203,20.8,36.36,37.81,29.34
1.606,60.0,11.93,0,0.762,4.51,40.5,4.83,3,690,18.7,115.14,2.46,50.0
4.809,0.0,1.06,1,0.705,4.23,67.3,5.34,1,507,12.9,9.56,29.33,31.05
3.795,80.0,24.19,1,0.848,4.81,7.6,8.42,4,420,15.2,167.02,25.25,44.93
8.431,12.5,22.42,0,0.824,4.08,5.7,1.6,4,247,17.5,206.8,27.9,22.57
1.98,95.0,26.61,0,0.638,8.71,24.6,9.04,5,246,15.4,349.58,23.21,50.0
6.68,12.5,1.83,0,0.726,6.97,42.9,2.02,7,583,13.7,363.64,1.92,50.0
7.791,0.0,18.71,1,0.635,5.54,98.4,9.75,5,649,20.9,389.51,29.46,27.03
4.948,12.5,2.49,0,0.398,5.54,55.8,3.44,4,188,20.6,171.72,35.41,37.16
6.429,25.0,26.93,0,0.653,8.74,75.2,2.61,7,418,16.7,162.01,32.95,48.14
5.173,0.0,11.45,1,0.589,7.25,11.6,6.7,7,308,18.6,215.39,36.45,42.04
1.32,95.0,14.7,0,0.392,7.44,40.9,9.92,3,650,21.2,68.23,6.88,50.0
5.138,95.0,22.93,0,0.659,7.24,45.9,5.57,7,512,13.7,218.41,24.71,50.0
9.376,0.0,13.02,0,0.776,6.63,12.4,4.72,8,671,16.6,172.19,37.06,18.07
7.794,0.0,15.32,0,0.827,5.65,74.7,1.28,1,254,21.2,373.56,11.76,37.64
2.0,60.0,9.4,0,0.66,8.57,15.6,12.01,6,585,15.5,36.84,20.72,50.0
5.741,25.0,14.69,0,0.407,7.06,77.8,1.05,3,448,14.7,279.42,7.7,50.0
5.65,80.0,9.94,1,0.866,6.93,65.0,9.9,4,198,13.2,290.17,6.55,50.0
3.623,95.0,11.07,0,0.622,4.65,75.9,1.26,6,332,22.0,64.32,32.49,28.71
7.76,0.0,17.62,0,0.568,8.23,3.3,11.95,4,200,21.4,322.44,30.06,50.0
4.1,60.0,4.25,1,0.558,6.15,79.7,8.3,1,514,16.9,310.33,4.4,50.0
7.781,60.0,26.04,0,0.822,7.19,91.0,3.94,7,684,19.9,143.63,12.25,41.07
6.718,40.0,20.06,0,0.567,5.95,55.8,7.17,7,542,21.3,204.05,25.65,35.04
7.997,25.0,15.66,0,0.704,8.43,66.2,11.86,3,606,20.3,85.66,37.21,34.74
6.655,12.5,4.66,1,0.612,6.42,2.4,6.84,5,429,13.6,350.79,16.11,50.0
4.224,25.0,8.62,1,0.868,7.25,86.9,1.36,1,492,15.2,23.64,37.8,31.05
6.076,25.0,11.32,0,0.739,3.84,46.9,4.22,4,226,19.0,177.35,34.84,18.84
3.473,40.0,7.78,0,0.707,8.65,2.5,7.47,1,244,16.2,132.99,37.73,50.0
6.472,0.0,19.11,0,0.527,5.52,66.5,12.03,2,499,14.1,90.09,3.4,50.0
4.164,12.5,22.76,1,0.684,7.96,34.4,1.9,2,294,13.4,260.69,22.32,50.0
3.326,60.0,10.17,1,0.78,4.54,44.5,8.77,3,532,13.1,20.29,14.45,47.11
8.706,40.0,9.91,0,0.848,5.1,76.1,12.23,2,417,15.2,31.11,25.63,32.01
4.062,40.0,8.94,0,0.717,7.29,92.5,5.81,8,370,17.4,42.73,17.86,50.0
7.196,0.0,27.44,0,0.794,7.14,83.4,5.31,7,350,19.6,102.13,4.76,50.0
5.871,25.0,14.69,1,0.572,3.87,62.9,1.68,4,265,18.0,171.26,1.75,50.0
6.91,40.0,26.15,1,0.745,8.51,32.5,1.37,6,326,21.2,49.63,26.06,50.0
6.696,0.0,26.09,0,0.517,4.95,78.0,11.58,24,219,15.1,136.6,35.62,35.66
6.519,0.0,4.42,0,0.576,5.63,86.2,2.66,3,423,13.1,101.35,18.44,42.55
3.962,80.0,5.49,0,0.434,5.46,59.9,9.61,5,378,21.0,206.92,27.17,43.91
5.406,40.0,6.58,0,0.814,7.23,85.9,8.64,8,675,13.2,255.01,12.87,50.0
4.551,0.0,26.12,1,0.676,5.75,78.7,4.91,2,642,14.1,64.19,5.13,50.0
2.504,0.0,20.58,1,0.492,6.89,17.4,7.83,4,586,17.7,29.97,12.92,50.0
5.555,80.0,3.58,0,0.556,6.62,68.9,6.6,8,479,15.5,236.1,23.89,49.7
6.998,12.5,2.02,0,0.536,3.85,98.8,1.07,7,713,14.4,196.21,23.68,21.38
4.821,25.0,17.72,0,0.463,5.38,41.2,9.75,1,423,18.5,18.86,1.31,50.0
2.226,25.0,11.52,1,0.713,5.29,8.7,9.18,3,425,19.9,215.0,4.56,50.0
0.328,95.0,18.46,1,0.465,4.04,75.5,2.15,4,467,15.8,39.91,12.49,50.0
4.637,95.0,18.25,0,0.557,4.98,5.1,7.33,4,258,20.8,266.76,20.35,50.0
4.784,12.5,11.71,0,0.496,6.63,67.4,1.99,8,431,19.4,238.23,18.24,49.83
2.129,80.0,12.07,0,0.403,3.92,14.7,3.96,2,231,21.7,362.5,17.9,48.41
2.497,40.0,24.03,0,0.769,7.16,84.1,4.69,3,401,16.6,209.99,3.99,50.0
4.717,0.0,17.3,0,0.557,8.47,43.2,6.44,7,532,15.4,326.53,23.2,50.0
4.469,12.5,12.36,0,0.717,7.18,51.0,9.63,7,426,17.8,159.07,5.98,50.0
4.747,80.0,15.19,0,0.562,6.27,47.0,3.25,24,669,19.5,326.71,2.72,50.0
2.591,25.0,18.51,0,0.528,7.74,88.8,3.02,7,389,19.3,0.34,36.2,45.67
1.892,60.0,21.54,0,0.465,7.15,38.7,4.4,4,295,18.0,393.07,28.27,50.0
6.758,25.0,13.44,0,0.57,5.69,97.7,5.46,24,674,21.3,85.91,21.39,27.84
7.449,0.0,8.01,0,0.618,6.82,64.8,5.62,4,260,19.7,228.87,7.7,50.0
6.672,0.0,18.36,0,0.616,4.09,34.3,3.57,2,224,21.1,19.8,28.48,27.04
7.215,0.0,15.17,0,0.443,4.58,49.0,6.96,1,269,17.4,177.16,22.59,38.71
5.635,0.0,23.4,1,0.544,6.04,62.1,10.09,24,438,20.3,189.35,11.54,50.0
4.382,0.0,9.02,0,0.432,4.42,29.4,10.82,6,607,15.6,292.82,21.46,34.3
6.244,0.0,12.18,1,0.484,7.8,85.7,10.95,6,596,20.6,37.59,16.09,50.0
4.695,80.0,26.99,0,0.788,6.04,19.4,10.97,7,285,16.2,121.09,16.19,50.0
3.312,0.0,2.89,0,0.638,7.25,59.8,7.68,1,581,17.3,376.17,26.81,40.63
8.77,0.0,13.99,1,0.866,5.54,79.9,9.0,2,578,14.2,390.42,8.2,46.78
2.929,12.5,2.58,0,0.511,3.98,85.1,4.57,1,428,16.8,64.83,14.22,42.02
4.707,40.0,14.1,0,0.72,8.32,82.4,3.7,24,306,13.5,337.61,37.97,48.71
6.343,0.0,25.09,0,0.432,7.84,8.8,7.9,3,510,17.6,348.54,24.29,50.0
5.671,25.0,22.97,1,0.82,8.32,12.4,9.09,3,372,16.1,14.81,26.76,50.0
3.002,25.0,10.17,0,0.784,7.42,56.4,4.66,2,501,15.9,307.99,23.31,50.0
5.456,80.0,16.64,0,0.76,6.91,65.8,5.93,5,551,20.8,229.92,18.2,50.0
3.448,0.0,15.68,0,0.724,6.1,64.3,11.26,6,275,16.2,201.71,3.46,50.0
1.11,80.0,5.69,1,0.602,6.19,15.3,6.51,4,480,21.7,280.35,7.67,50.0
2.005,0.0,20.34,0,0.426,6.88,88.2,10.65,4,242,16.1,362.12,7.84,50.0
6.655,0.0,3.04,0,0.698,5.35,28.3,4.41,24,457,13.6,391.05,2.14,50.0
3.431,40.0,0.7,0,0.595,5.56,89.7,2.04,24,616,18.6,388.91,16.41,41.5
3.404,25.0,3.28,1,0.552,6.9,62.8,1.75,4,658,12.4,123.45,24.54,46.68
3.617,0.0,18.98,0,0.629,7.92,39.8,1.88,2,207,18.4,126.34,12.82,50.0
4.328,0.0,1.45,0,0.499,5.71,39.4,7.71,7,357,19.8,226.17,9.65,50.0
5.664,25.0,3.01,0,0.686,6.51,75.9,8.0,1,416,19.8,121.27,11.38,49.92
3.158,0.0,10.72,0,0.631,4.74,42.2,3.32,5,709,17.4,91.32,9.81,37.51
6.535,95.0,10.79,0,0.739,6.34,78.1,5.16,5,359,14.8,288.73,7.53,50.0
6.331,95.0,9.4,0,0.6,4.82,82.5,1.25,6,347,21.7,338.38,24.44,38.01
7.166,40.0,16.94,1,0.793,8.13,26.4,5.91,7,470,15.3,128.09,4.56,50.0
8.68,0.0,7.48,0,0.773,6.42,2.4,9.76,6,460,13.4,201.89,17.85,50.0
5.427,60.0,18.51,1,0.591,6.75,61.9,3.97,1,598,19.0,181.61,32.57,40.65
8.262,60.0,16.27,0,0.795,6.91,91.0,1.93,4,716,14.6,377.61,27.49,27.88
3.865,60.0,13.47,0,0.585,7.44,2.0,4.9,24,697,16.2,7.94,4.55,50.0
6.713,0.0,6.02,0,0.855,5.64,89.0,12.31,24,515,12.2,387.54,35.28,29.61
8.635,40.0,21.6,1,0.8,6.68,94.9,6.57,5,226,13.4,282.57,34.34,44.36
6.196,60.0,2.45,0,0.821,7.81,14.2,12.03,3,518,12.6,342.21,32.79,50.0
5.326,80.0,12.05,0,0.75,8.17,31.5,12.42,2,601,19.6,98.97,24.93,50.0
4.523,60.0,23.71,0,0.709,4.78,52.2,3.54,2,202,19.7,337.43,6.23,50.0
0.805,40.0,2.77,0,0.381,5.27,92.2,10.89,3,681,16.6,208.05,29.08,37.06
6.495,40.0,11.7,0,0.843,7.54,23.1,4.5,5,396,18.3,102.47,19.82,50.0
5.843,12.5,6.78,0,0.71,4.55,23.8,6.06,7,270,16.8,334.27,34.38,25.67
3.406,0.0,24.42,0,0.517,5.59,47.2,5.92,7,319,15.9,374.36,17.45,48.3
7.281,95.0,25.2,1,0.779,5.12,50.6,9.89,6,459,18.8,258.01,35.82,32.27
3.875,0.0,16.36,0,0.599,6.1,26.9,10.5,1,425,16.8,184.85,21.63,46.46
3.227,0.0,1.11,1,0.586,5.57,32.2,6.12,4,485,12.9,125.85,18.43,50.0
4.566,0.0,17.29,0,0.766,7.02,6.6,10.79,1,598,15.7,141.72,19.73,46.19
5.701,25.0,9.77,0,0.701,5.91,26.1,11.97,4,313,21.4,170.6,2.18,50.0
6.197,0.0,23.77,0,0.508,3.94,100.0,9.47,2,241,19.4,323.45,22.64,33.81
4.321,60.0,2.6,1,0.788,8.77,10.5,2.17,6,694,14.2,381.68,30.14,49.78
6.411,25.0,20.21,1,0.6,8.42,52.1,9.79,7,703,16.9,0.02,27.66,48.07
5.002,60.0,15.28,0,0.727,3.88,38.5,2.53,7,531,21.8,232.65,1.62,39.46
4.802,0.0,19.44,0,0.382,4.7,71.0,6.71,5,197,15.2,332.67,26.18,43.52
4.759,0.0,2.31,0,0.554,4.88,10.6,5.47,1,495,16.8,179.03,10.01,49.93
5.849,25.0,12.75,0,0.462,6.08,86.7,10.52,1,372,15.3,104.17,4.82,50.0
6.503,0.0,25.24,0,0.764,6.2,24.1,5.11,2,596,16.1,367.4,32.99,22.93
2.798,0.0,26.67,0,0.417,7.17,2.8,5.09,6,380,14.7,374.94,16.48,50.0
6.358,40.0,6.17,0,0.692,7.27,49.9,7.93,6,239,20.1,207.39,27.12,50.0
4.508,0.0,26.72,1,0.542,7.84,84.3,12.19,2,565,16.6,300.81,7.58,50.0
3.259,0.0,16.37,0,0.641,8.57,11.0,11.25,1,236,21.9,381.23,3.41,50.0
6.701,25.0,3.93,0,0.533,4.58,69.5,11.08,8,427,21.8,336.17,32.1,22.64
4.877,0.0,14.41,0,0.611,4.77,10.9,2.0,7,270,14.0,33.28,33.66,29.84
1.636,0.0,26.21,0,0.489,4.75,81.2,4.41,8,631,17.3,266.61,4.69,50.0
4.28,60.0,10.24,0,0.705,5.36,46.7,9.53,7,423,19.5,121.22,37.55,32.22
4.288,0.0,16.64,0,0.449,8.49,86.1,7.88,6,336,12.6,121.76,4.04,50.0
8.2,0.0,1.12,0,0.83,7.54,98.3,5.38,2,197,12.6,299.17,32.09,43.4
4.277,0.0,4.82,0,0.446,7.5,41.6,2.63,24,308,13.5,33.23,30.99,50.0
8.431,0.0,18.06,1,0.789,6.64,39.4,2.68,24,378,18.3,197.09,30.59,35.63
1.681,0.0,9.82,0,0.448,7.8,64.1,11.78,6,684,13.3,52.66,24.21,50.0
4.989,0.0,1.32,1,0.827,5.14,35.3,6.67,3,440,20.1,220.88,35.75,22.17
6.025,25.0,9.54,0,0.542,8.78,88.7,10.23,1,330,21.1,376.15,15.78,50.0
4.396,95.0,1.27,0,0.508,5.89,37.1,4.46,8,449,16.5,319.36,26.63,46.5
6.247,0.0,7.44,0,0.691,8.66,59.3,4.8,7,445,14.0,37.22,15.39,50.0
7.487,0.0,6.46,1,0.64,8.43,45.4,11.12,6,615,19.0,361.7,23.69,46.49
4.889,60.0,18.29,0,0.584,4.44,92.9,10.7,1,270,21.9,317.27,33.12,27.83
6.088,25.0,13.51,0,0.706,6.04,88.5,9.67,1,399,17.1,82.28,5.49,50.0
5.844,95.0,16.35,0,0.738,6.6,95.2,7.55,5,255,17.9,299.06,10.61,50.0
4.962,40.0,6.8,1,0.443,5.0,37.1,2.07,7,665,14.2,22.34,21.88,37.49
3.471,60.0,13.82,0,0.804,7.6,41.6,8.21,7,519,15.8,262.28,22.94,50.0
2.941,95.0,18.42,0,0.638,4.62,54.6,1.02,2,719,14.2,97.43,8.76,47.34
7.102,40.0,12.03,0,0.714,7.96,49.5,5.71,8,694,12.2,376.69,11.31,50.0
7.301,25.0,20.32,0,0.787,6.17,16.4,3.66,4,263,21.4,127.95,13.75,46.4
7.735,0.0,25.44,1,0.515,7.34,96.6,2.0,2,478,21.7,153.11,33.83,32.32
7.505,40.0,21.04,0,0.767,6.89,43.6,4.85,5,596,15.6,126.33,29.4,34.13
6.878,0.0,17.01,1,0.639,5.93,93.7,1.09,1,391,15.5,200.16,7.8,50.0
7.941,12.5,23.1,0,0.752,5.44,48.6,8.35,3,467,13.4,208.1,29.1,29.24
4.758,0.0,13.45,1,0.651,6.64,53.0,3.92,1,264,20.0,346.99,36.92,39.63
5.118,12.5,25.07,0,0.415,8.07,87.3,6.04,4,563,19.9,209.16,15.81,50.0
7.453,40.0,9.31,0,0.584,3.88,26.0,2.77,7,221,18.2,173.61,32.66,29.39
6.477,60.0,17.59,0,0.623,4.04,34.6,3.37,5,244,13.1,274.21,27.29,36.57
5.967,80.0,20.45,0,0.773,5.62,6.2,12.28,6,508,19.2,337.28,25.01,41.26
4.333,0.0,18.69,1,0.547,5.4,15.6,11.51,7,366,16.2,86.34,23.47,50.0
4.384,25.0,8.29,1,0.381,6.61,78.1,1.26,8,531,12.8,310.09,21.82,50.0
1.049,95.0,2.25,1,0.564,4.14,58.1,8.91,5,278,19.9,239.73,7.11,50.0
6.355,25.0,17.24,0,0.635,7.16,26.0,9.98,6,667,14.7,176.6,13.97,50.0
5.742,0.0,13.5,0,0.54,7.43,27.8,10.13,4,493,14.2,303.96,20.87,50.0
7.385,60.0,22.12,0,0.846,7.43,83.3,4.05,1,678,16.0,376.84,9.92,49.01
4.565,40.0,16.53,1,0.441,4.05,6.7,2.42,6,438,16.6,340.86,29.36,33.16
4.54,0.0,22.6,0,0.72,6.22,18.9,11.84,8,692,15.4,101.04,9.26,50.0
3.065,80.0,8.84,1,0.642,8.18,38.7,3.46,6,335,14.4,57.38,14.57,50.0
8.062,40.0,13.62,0,0.788,5.61,51.2,8.52,7,225,13.6,356.39,20.64,48.84
3.091,0.0,21.47,1,0.462,4.87,74.1,10.05,5,634,12.0,7.24,4.77,50.0
1.976,80.0,17.61,0,0.505,8.7,67.6,6.63,4,477,13.2,138.64,12.82,50.0
5.515,12.5,13.98,0,0.563,7.63,5.6,6.31,4,577,13.0,30.89,13.87,50.0
8.792,0.0,20.97,1,0.747,8.5,47.1,10.09,5,214,16.9,171.65,23.1,50.0
2.582,0.0,11.24,0,0.434,7.79,58.7,9.98,24,614,16.5,268.64,14.06,50.0
8.857,12.5,10.44,0,0.725,6.77,6.5,1.66,3,316,17.3,85.09,29.83,34.55
4.682,40.0,22.65,0,0.68,4.17,20.6,7.94,5,348,16.9,122.94,23.74,40.54
7.077,12.5,8.97,1,0.596,7.9,8.1,8.99,24,202,14.0,304.68,37.02,50.0
4.575,80.0,18.69,0,0.774,7.67,44.8,5.19,3,579,20.2,203.87,37.05,39.55
5.561,60.0,6.91,1,0.777,8.53,71.3,10.2,3,698,20.6,207.61,16.88,50.0
5.48,0.0,18.65,0,0.77,4.63,27.9,8.56,6,342,20.1,32.79,5.0,49.25
5.587,0.0,23.26,0,0.573,7.59,33.2,12.08,5,566,21.1,277.86,7.69,50.0
7.229,25.0,25.46,0,0.635,7.79,69.4,8.66,6,267,14.1,365.69,7.94,50.0
9.07,0.0,2.06,0,0.718,4.88,84.1,9.31,24,488,19.8,213.16,34.22,19.55
2.117,25.0,10.81,0,0.461,8.53,27.6,7.01,4,428,15.2,386.89,34.28,50.0
5.289,95.0,6.09,1,0.386,3.81,49.2,9.94,5,659,21.1,18.34,22.2,38.21
4.086,80.0,12.26,0,0.76,5.69,74.6,5.29,8,611,18.5,273.48,3.43,50.0
2.003,80.0,4.48,0,0.647,8.03,40.7,1.57,5,285,17.0,323.05,9.23,50.0
6.331,0.0,10.95,0,0.701,7.78,27.2,5.94,5,291,17.9,33.07,2.37,50.0
8.665,12.5,16.95,0,0.57,8.36,80.0,7.54,8,195,14.3,51.87,31.13,50.0
6.639,80.0,18.93,0,0.651,7.49,38.6,7.6,4,586,21.9,56.44,15.48,50.0
3.811,0.0,3.68,0,0.832,4.13,26.4,11.37,3,529,21.5,159.37,1.13,43.91
4.487,0.0,15.36,1,0.56,5.18,3.0,10.95,4,383,19.7,146.08,9.54,50.0
5.827,0.0,0.62,0,0.6,8.23,34.0,1.97,5,526,21.2,149.78,9.05,50.0
7.688,0.0,24.15,0,0.529,8.34,77.0,2.73,24,430,13.9,226.77,14.6,50.0
2.339,80.0,15.79,0,0.837,5.49,76.3,7.93,2,684,21.3,32.33,18.98,33.69
6.9,60.0,14.01,0,0.818,5.32,14.7,11.47,7,184,15.3,382.28,10.37,50.0
0.677,95.0,16.45,0,0.497,5.73,27.4,9.69,8,593,16.6,343.58,17.12,50.0
7.458,12.5,8.87,1,0.711,7.14,24.9,1.92,8,422,12.4,89.62,10.78,50.0
6.136,80.0,9.5,1,0.819,5.12,87.1,2.34,1,489,17.4,355.98,32.78,29.61
7.158,80.0,20.08,0,0.793,6.51,99.1,5.45,6,476,13.6,20.43,22.99,47.94
6.812,40.0,22.58,0,0.773,5.87,13.5,2.24,8,664,15.9,349.71,14.4,38.73
4.423,40.0,12.96,1,0.454,5.74,58.5,4.4,6,454,21.4,270.01,29.05,40.57
4.692,25.0,26.33,1,0.639,5.54,42.9,10.69,7,366,21.2,378.59,27.56,39.04
3.001,0.0,25.65,1,0.397,7.64,45.4,6.07,8,629,18.0,185.9,29.0,49.19
6.963,60.0,4.4,0,0.624,6.75,88.2,10.29,8,251,18.7,33.89,36.02,45.74
6.217,0.0,4.01,1,0.464,7.1,5.2,7.21,3,474,14.0,92.01,26.32,48.73
5.915,0.0,6.32,0,0.504,5.7,79.2,10.37,1,566,17.7,386.7,27.19,30.31
6.099,40.0,18.17,0,0.547,6.49,40.4,9.95,5,272,13.4,136.39,18.85,50.0
5.664,60.0,23.76,0,0.504,8.23,56.5,4.3,8,528,14.5,46.22,22.41,50.0
8.366,0.0,7.41,0,0.552,5.36,16.0,10.22,6,433,21.7,162.81,37.75,20.98
2.595,0.0,13.45,1,0.65,6.99,45.8,5.56,3,223,14.3,234.21,5.81,50.0
4.761,80.0,1.42,0,0.685,7.39,34.0,5.61,7,393,21.5,307.87,25.49,50.0
6.788,95.0,21.47,0,0.831,6.4,21.9,10.17,2,437,20.0,319.73,21.99,44.08
5.644,0.0,13.3,1,0.532,4.37,2.8,3.24,3,698,12.1,1.78,12.99,38.73
5.274,80.0,8.93,0,0.454,3.91,68.7,9.4,1,264,19.2,194.12,12.01,49.21
2.641,25.0,14.81,0,0.703,7.28,7.4,11.21,7,605,13.3,185.14,25.06,48.9
5.702,0.0,11.46,1,0.504,4.65,7.0,10.98,7,236,16.8,360.6,13.64,50.0
6.732,12.5,5.94,0,0.629,6.27,90.4,8.92,4,587,17.3,255.71,16.77,45.62
1.536,40.0,12.53,0,0.492,5.81,9.4,9.53,24,530,17.0,39.58,24.47,48.06
5.389,0.0,15.77,1,0.679,8.04,49.4,2.52,3,538,12.7,51.87,5.41,50.0
5.756,40.0,3.91,0,0.725,8.65,46.1,1.04,5,382,19.5,232.38,19.7,50.0
6.401,95.0,26.55,0,0.828,7.85,9.6,10.69,8,265,14.8,65.44,1.72,50.0
5.939,80.0,8.67,0,0.868,8.62,91.6,4.44,8,423,17.8,62.89,5.82,50.0
4.86,95.0,6.92,0,0.467,7.07,95.3,12.13,8,640,14.4,366.74,17.07,50.0
4.166,25.0,8.52,0,0.477,8.22,86.3,8.16,8,711,17.0,239.57,33.08,39.71
4.955,60.0,20.82,0,0.489,6.39,68.3,1.49,3,228,19.6,89.86,35.34,42.53
5.701,0.0,8.41,1,0.851,6.93,72.7,7.53,1,247,16.2,140.64,9.44,50.0
3.092,0.0,11.45,0,0.442,5.11,17.1,1.38,7,416,12.5,301.83,27.56,43.69
3.886,0.0,25.13,0,0.453,5.01,94.5,2.31,8,368,20.2,157.17,34.72,30.29
5.062,40.0,11.87,0,0.811,6.97,53.1,2.45,4,402,21.8,242.43,37.45,31.89
8.806,0.0,4.76,0,0.789,8.61,65.4,4.71,7,605,21.1,191.03,18.64,46.58
2.899,12.5,23.8,0,0.767,4.63,77.4,2.88,5,656,19.3,93.78,13.0,30.43
6.109,0.0,16.02,0,0.592,8.01,41.8,10.94,5,488,13.5,199.74,10.23,50.0
5.973,25.0,18.28,0,0.73,5.22,64.8,2.44,8,327,19.2,297.65,28.18,29.67
6.148,25.0,26.04,0,0.685,5.33,24.7,7.61,1,463,15.2,84.15,29.78,31.18
4.296,40.0,5.21,1,0.653,4.91,46.8,3.85,24,280,20.9,97.75,35.57,30.33
6.418,12.5,1.86,0,0.587,4.31,19.5,4.37,8,439,12.2,226.26,14.85,42.52
3.421,0.0,7.03,0,0.402,8.38,41.2,2.44,3,514,13.0,11.25,27.22,50.0
6.085,95.0,23.7,0,0.774,8.58,28.1,12.47,1,459,13.5,355.37,31.26,50.0
3.762,60.0,8.75,0,0.671,4.58,81.7,10.84,3,508,14.3,317.83,2.32,50.0
8.859,0.0,23.3,0,0.823,5.55,74.8,9.39,5,440,21.3,386.62,23.81,24.3
1.624,80.0,23.67,0,0.555,8.55,89.6,5.51,4,357,21.6,250.76,5.86,50.0
0.744,60.0,3.75,1,0.446,8.06,67.8,11.03,6,622,14.4,52.16,33.34,50.0
1.752,0.0,8.94,0,0.455,5.37,57.1,5.43,6,610,18.0,182.8,3.86,50.0
5.918,60.0,1.15,0,0.745,6.76,12.7,1.9,5,607,19.3,337.2,28.11,34.99
3.266,95.0,14.66,0,0.644,4.84,29.5,12.2,7,297,15.9,96.48,20.35,50.0
6.529,95.0,20.31,0,0.638,7.23,93.4,11.71,1,538,18.3,262.29,15.13,50.0
2.505,95.0,20.98,1,0.615,6.42,3.2,11.92,8,340,20.2,287.36,37.39,50.0
5.731,25.0,12.58,0,0.604,5.56,29.7,6.36,4,209,21.6,88.09,29.44,42.21
0.924,95.0,21.03,0,0.431,5.08,97.7,7.99,4,601,16.6,31.53,15.34,50.0
4.444,60.0,10.73,1,0.6,4.14,57.0,9.77,2,266,16.2,140.63,2.68,50.0
2.154,60.0,6.1,0,0.502,7.55,51.4,11.54,8,394,17.9,58.17,27.63,50.0
1.565,40.0,12.07,0,0.498,6.15,48.7,10.14,1,384,13.0,196.52,21.62,50.0
3.888,60.0,3.41,0,0.648,7.17,3.2,2.19,5,238,13.4,148.82,31.27,50.0
4.637,0.0,27.41,0,0.669,3.96,99.4,9.28,24,393,17.7,196.85,24.35,29.57
4.719,0.0,8.87,0,0.572,3.87,80.2,9.88,4,718,14.2,266.42,2.02,42.34
5.097,40.0,4.75,0,0.683,4.93,3.7,8.95,5,288,16.4,225.49,36.59,37.48
5.492,60.0,20.87,0,0.631,6.28,21.1,2.15,7,340,13.5,61.6,29.79,42.19
3.238,0.0,3.94,0,0.444,8.28,30.1,5.28,8,642,20.5,387.21,4.78,50.0
6.286,95.0,15.72,0,0.785,4.31,52.6,8.23,24,192,15.4,163.85,16.96,50.0
4.804,0.0,6.37,0,0.619,6.57,77.6,6.59,1,570,20.0,165.22,13.08,47.43
4.274,95.0,22.38,0,0.528,4.58,16.2,10.19,5,332,14.5,216.0,15.54,50.0
3.679,80.0,6.84,0,0.527,4.01,94.4,10.63,2,212,19.0,150.92,15.08,49.68
8.18,25.0,21.78,0,0.708,5.84,39.6,1.28,8,274,20.7,225.38,28.54,34.62
4.057,0.0,20.31,1,0.849,7.18,16.0,4.49,8,599,17.6,265.56,8.82,50.0
1.736,25.0,2.62,0,0.477,4.15,12.2,11.85,24,286,15.1,376.57,13.65,50.0
7.207,0.0,9.0,0,0.598,6.74,2.2,4.59,1,694,15.6,0.54,28.56,35.5
4.458,60.0,12.74,0,0.704,6.32,53.6,1.8,4,287,14.6,320.39,29.23,44.37
7.661,0.0,26.05,0,0.604,7.11,48.3,4.09,1,645,19.3,10.84,8.95,47.5
1.186,25.0,17.19,1,0.382,8.51,26.2,2.23,4,582,19.5,396.46,11.69,50.0
5.739,25.0,2.41,1,0.388,4.64,76.4,6.19,4,246,19.0,220.88,13.86,50.0
0.849,0.0,19.01,0,0.42,8.78,61.1,8.41,5,596,19.9,65.78,9.36,50.0
6.15,0.0,2.16,1,0.522,6.41,47.5,4.45,24,567,19.7,252.49,31.2,33.61
4.126,95.0,2.37,0,0.82,5.03,81.2,1.29,1,646,20.0,1.56,3.66,49.58
5.487,12.5,18.15,0,0.661,5.35,21.3,3.32,1,634,17.3,43.92,33.74,22.66
3.906,60.0,22.97,0,0.516,3.92,92.3,4.08,5,268,21.4,321.55,13.36,44.85
6.574,12.5,6.77,0,0.705,7.45,98.5,11.64,6,345,14.3,391.2,18.76,50.0
5.045,12.5,10.23,0,0.809,7.59,32.5,8.99,3,573,18.3,388.94,8.93,50.0
4.455,80.0,17.99,1,0.495,8.77,23.2,7.53,5,617,18.9,61.43,19.74,50.0
3.55,12.5,21.91,0,0.794,5.68,34.3,8.6,3,670,18.6,154.01,17.77,39.18
4.104,12.5,7.88,0,0.768,8.27,49.2,8.0,8,214,16.3,144.98,21.69,50.0
1.931,40.0,12.99,0,0.438,7.39,40.1,4.9,7,372,21.3,147.25,10.73,50.0
3.153,95.0,19.24,1,0.388,8.49,66.9,8.23,6,549,16.9,336.16,9.54,50.0
3.769,0.0,13.34,0,0.735,8.73,41.0,9.59,3,550,15.2,239.86,32.53,44.24
0.599,0.0,11.01,0,0.383,7.13,78.8,10.16,2,236,12.8,129.67,3.73,50.0
4.347,12.5,15.67,0,0.854,7.53,63.4,1.94,2,416,12.0,266.95,21.57,50.0
3.235,95.0,23.55,1,0.788,6.92,76.9,8.9,24,594,16.8,78.05,35.49,40.01
2.553,25.0,14.79,1,0.711,8.52,47.7,8.22,7,551,21.7,287.61,3.6,50.0
3.229,95.0,15.27,0,0.39,4.87,10.0,9.36,7,474,13.2,152.57,24.61,50.0
2.116,0.0,4.7,1,0.508,4.38,63.5,7.99,7,698,13.9,362.39,23.55,38.94
1.707,60.0,7.9,0,0.452,7.71,67.3,9.2,4,363,21.8,55.53,34.29,50.0
3.391,60.0,22.24,0,0.466,8.24,25.6,7.71,6,349,21.4,124.24,34.56,50.0
4.119,25.0,18.96,0,0.752,5.04,92.3,8.24,24,625,17.1,346.14,33.7,24.42
5.694,12.5,6.46,1,0.506,6.82,52.9,4.69,8,670,12.9,132.54,26.99,44.95
3.215,0.0,21.31,1,0.722,4.63,49.2,6.51,1,355,21.2,229.06,26.46,35.38
0.729,60.0,26.25,1,0.462,5.86,88.9,12.12,7,203,14.2,75.51,19.82,50.0
7.247,0.0,17.31,0,0.702,6.75,95.2,6.39,4,646,21.7,316.19,8.24,46.87
3.711,40.0,21.12,0,0.657,7.02,16.3,9.28,5,267,12.7,190.31,9.01,50.0
5.685,0.0,6.4,1,0.453,5.58,95.9,6.32,7,286,13.0,144.78,21.56,49.13
6.13,12.5,1.33,0,0.646,5.61,95.7,1.37,24,329,17.8,65.94,10.35,45.1
4.465,80.0,6.53,0,0.772,4.0,48.2,9.24,24,387,12.8,252.7,9.49,50.0
1.817,25.0,15.21,0,0.47,6.16,2.6,8.1,1,482,13.4,186.53,31.7,48.97
8.049,0.0,13.73,1,0.753,4.85,40.8,1.76,6,541,15.3,271.65,1.72,49.78
8.657,0.0,14.36,0,0.717,7.64,71.6,2.48,3,392,18.9,5.11,16.48,44.31
5.061,12.5,9.2,0,0.745,6.44,2.3,11.4,5,325,20.8,253.91,8.31,50.0
6.431,0.0,26.98,0,0.796,6.6,86.7,2.29,7,585,14.2,167.5,34.29,24.4
0.723,95.0,13.22,0,0.385,4.83,2.1,5.3,5,245,21.4,154.61,17.13,50.0
7.274,0.0,19.02,0,0.522,7.47,56.1,2.15,2,681,16.1,56.64,35.98,26.53
2.597,0.0,16.33,0,0.427,5.59,33.1,1.21,7,605,13.0,285.31,8.22,50.0
6.767,40.0,10.56,0,0.721,4.47,79.7,7.36,1,512,17.0,217.6,37.41,18.78
6.59,12.5,9.95,0,0.743,8.57,85.4,4.52,7,358,21.4,296.15,26.03,43.19
5.534,0.0,2.85,0,0.76,7.89,33.3,8.89,3,654,16.5,215.63,20.92,44.36
7.776,80.0,7.96,0,0.855,3.9,91.0,5.13,24,699,12.1,301.34,18.42,26.85
1.727,25.0,22.82,0,0.467,8.76,23.6,12.01,6,482,18.6,144.66,33.53,50.0
2.844,40.0,15.72,1,0.537,6.28,61.5,10.8,2,372,19.9,392.71,30.51,50.0
4.142,40.0,13.13,0,0.597,5.05,77.2,8.85,2,578,12.0,226.23,34.01,32.33
4.748,80.0,25.11,0,0.771,4.35,36.2,11.68,3,365,13.2,81.41,15.02,50.0
7.279,0.0,0.71,0,0.513,5.96,75.3,2.49,24,708,17.9,286.37,1.26,47.89
7.289,60.0,24.87,0,0.746,7.45,58.1,9.68,8,309,16.7,251.4,35.37,47.67
8.596,12.5,6.2,1,0.747,8.21,68.3,11.15,3,705,15.7,255.09,35.91,35.53
3.186,95.0,18.1,0,0.76,8.65,47.8,9.01,1,188,18.5,186.65,19.37,50.0
5.148,25.0,21.61,0,0.607,8.3,66.6,11.0,5,463,13.1,382.22,17.72,50.0
2.315,60.0,4.16,0,0.52,4.96,77.3,10.55,2,580,12.3,317.65,10.59,50.0
6.972,95.0,6.15,0,0.848,6.98,86.5,9.52,8,619,15.6,339.38,17.67,50.0
6.105,80.0,9.41,0,0.565,6.43,99.6,3.51,5,219,16.9,379.14,8.79,50.0
4.464,0.0,22.27,1,0.608,5.74,88.3,8.89,4,503,18.6,254.78,1.1,50.0
5.669,0.0,4.51,0,0.731,6.31,29.7,3.72,4,598,17.8,239.73,5.81,50.0
4.791,0.0,20.16,0,0.423,8.8,15.5,10.45,7,502,14.0,182.02,12.6,50.0
5.683,0.0,8.19,1,0.456,6.77,7.3,2.61,3,431,14.7,193.41,11.8,50.0
2.511,0.0,16.3,0,0.534,5.52,46.2,12.37,3,217,12.4,45.07,10.3,50.0
2.829,25.0,25.8,0,0.656,7.8,80.3,2.28,3,290,17.5,98.94,25.52,50.0
3.414,80.0,18.78,0,0.793,5.42,44.9,5.66,3,352,20.7,359.73,21.02,46.26
3.382,0.0,10.35,0,0.519,6.59,36.6,8.72,5,559,15.7,322.0,13.58,50.0
6.824,60.0,6.23,0,0.59,6.3,49.8,7.2,5,401,14.3,54.33,16.17,50.0
7.067,0.0,7.6,1,0.397,6.4,70.0,10.49,7,566,19.2,390.17,31.9,36.21
4.396,0.0,5.46,0,0.453,6.62,38.7,4.88,1,590,13.0,306.91,2.37,50.0
6.359,0.0,25.28,0,0.849,7.19,18.9,1.64,4,438,15.1,13.16,17.15,44.76
7.723,0.0,10.82,0,0.65,4.77,25.3,8.89,4,254,19.4,62.53,35.03,27.02
2.322,0.0,0.57,0,0.49,6.2,17.6,11.58,1,236,21.0,49.98,6.38,50.0
2.817,25.0,5.41,0,0.535,6.9,33.8,9.46,24,635,19.9,353.5,35.54,33.67
6.602,0.0,19.21,0,0.85,8.7,18.4,12.22,24,234,21.0,102.67,27.04,50.0
6.309,0.0,20.5,0,0.621,3.87,57.7,10.41,1,616,20.9,377.38,17.28,24.8
5.186,40.0,5.28,1,0.487,6.55,70.1,6.4,24,447,12.1,1.43,26.78,50.0
7.677,80.0,13.14,0,0.867,4.23,90.7,6.91,8,336,17.5,61.54,20.33,31.53
8.727,0.0,24.63,0,0.727,7.58,27.2,6.03,1,529,14.0,195.55,24.88,38.88
6.954,60.0,20.17,1,0.646,3.85,21.7,8.93,7,567,15.1,187.32,33.19,27.16
4.203,0.0,13.09,0,0.82,8.2,76.6,12.46,3,549,14.4,148.08,26.37,48.54
6.507,0.0,2.79,0,0.859,6.58,27.6,1.23,8,182,21.3,47.03,1.04,50.0
3.008,60.0,13.62,0,0.56,4.0,47.8,2.19,1,662,20.3,23.11,9.37,39.78
5.505,40.0,20.26,1,0.602,4.56,91.4,5.74,1,515,21.7,36.35,35.28,17.65
1.991,80.0,1.88,0,0.623,7.48,4.8,3.03,6,229,13.5,263.99,21.92,50.0
5.022,12.5,19.49,0,0.396,3.86,68.1,8.13,8,553,21.0,313.77,18.51,33.9
5.016,40.0,17.78,1,0.537,8.14,98.8,9.6,5,351,15.5,152.24,26.09,50.0
3.054,0.0,2.02,0,0.578,4.37,78.3,3.43,5,220,21.4,312.32,32.48,31.25
8.826,12.5,6.94,0,0.806,7.75,80.0,5.55,8,568,17.3,295.11,34.32,25.44
4.351,95.0,9.15,1,0.756,7.84,46.9,7.89,1,551,17.2,244.24,15.47,50.0
6.595,0.0,14.42,0,0.848,7.78,51.3,2.97,1,544,16.4,105.39,1.99,50.0
8.974,12.5,5.43,0,0.755,5.39,97.5,9.47,2,279,21.0,35.93,36.62,22.09
5.24,0.0,26.48,0,0.581,5.92,52.1,7.37,6,407,20.2,30.31,14.21,44.75
6.63,12.5,1.91,1,0.734,4.79,28.9,11.78,24,188,20.8,15.83,6.78,50.0
6.71,0.0,9.85,1,0.705,4.47,34.8,4.82,24,347,20.2,205.21,33.72,25.55
6.833,0.0,19.89,0,0.855,8.07,80.8,6.41,5,466,16.5,153.44,11.9,50.0
7.69,0.0,13.51,0,0.714,8.73,88.2,1.93,7,260,16.6,198.07,20.81,50.0
6.411,0.0,17.28,0,0.588,8.12,84.2,8.13,24,710,18.5,180.59,37.75,34.02
3.076,40.0,8.42,0,0.631,8.22,76.3,12.11,4,464,12.0,364.38,35.27,50.0
7.613,12.5,11.73,0,0.719,8.61,44.6,9.0,6,245,21.9,230.77,10.29,50.0
8.642,0.0,3.49,0,0.792,6.44,79.2,6.5,4,612,19.2,265.56,16.06,31.47
3.799,40.0,11.56,1,0.447,4.46,92.3,10.98,1,656,12.3,166.26,23.69,44.8
6.067,12.5,3.26,0,0.444,4.45,64.3,4.44,4,234,14.1,174.63,25.98,43.5
2.561,80.0,2.32,1,0.692,4.61,31.2,11.03,6,608,13.9,24.86,30.84,35.45
3.451,95.0,19.36,1,0.647,4.73,90.6,7.21,1,584,16.2,126.59,33.63,36.12
2.629,40.0,14.37,1,0.494,5.97,71.4,4.41,24,209,13.7,339.16,26.18,50.0
3.958,0.0,25.2,1,0.592,4.01,92.7,10.59,5,579,17.9,283.68,20.46,33.95
5.41,0.0,27.33,0,0.6,3.98,17.1,3.79,4,351,20.1,214.48,33.08,23.84
6.92,0.0,6.16,0,0.83,4.84,44.4,5.39,7,480,13.3,175.63,33.29,20.94
3.635,60.0,26.01,0,0.471,4.52,47.4,5.36,1,429,13.5,200.76,34.77,33.02
8.268,25.0,12.32,0,0.849,3.84,19.8,7.17,4,452,18.4,137.71,33.19,18.45
4.562,40.0,13.47,0,0.816,4.67,95.5,2.48,8,691,18.4,304.46,3.07,38.49
6.752,40.0,19.55,1,0.487,8.51,78.0,3.54,3,354,17.5,323.8,30.97,50.0
9.183,0.0,21.79,0,0.754,8.65,34.4,4.88,7,713,18.0,313.45,26.31,39.37
1.894,80.0,18.03,0,0.431,5.88,97.2,7.18,2,548,19.9,167.22,30.02,44.99
5.6,80.0,6.79,1,0.792,8.73,35.6,8.0,5,465,17.1,368.1,10.79,50.0
2.389,12.5,6.1,0,0.686,4.15,69.6,4.26,6,540,17.3,364.36,17.2,37.3
6.177,0.0,6.96,0,0.841,6.71,60.1,10.68,3,611,14.7,193.76,1.89,50.0
5.392,0.0,2.8,0,0.49,8.58,58.4,1.33,2,427,19.2,200.26,4.37,50.0
6.532,12.5,7.19,1,0.649,4.07,89.3,7.3,2,219,17.4,6.71,5.33,50.0
8.117,25.0,23.12,0,0.54,6.09,14.7,8.54,8,349,17.1,182.89,37.93,32.64
3.664,60.0,18.32,0,0.607,8.38,67.4,4.4,8,528,17.7,242.75,14.72,50.0
8.253,40.0,24.71,0,0.717,5.73,57.2,8.26,8,297,15.0,144.69,33.93,37.92
5.915,95.0,6.55,0,0.842,7.25,14.8,10.81,6,326,20.1,24.49,17.77,50.0
4.608,95.0,4.93,0,0.573,5.37,87.6,8.02,3,274,15.0,360.26,19.18,50.0
4.366,0.0,22.2,0,0.767,7.12,48.4,5.44,5,654,14.0,203.57,29.66,39.64
3.978,12.5,22.71,0,0.715,5.01,72.9,2.05,3,471,20.8,113.41,28.26,22.98
4.35,60.0,6.81,0,0.662,4.25,80.1,2.02,24,219,15.6,329.61,7.1,50.0
8.287,0.0,19.6,0,0.833,6.19,91.5,2.02,4,337,15.2,161.39,4.19,48.46
7.097,0.0,6.01,0,0.743,7.45,24.9,10.21,6,664,12.7,85.07,29.38,40.62
3.27,80.0,12.04,1,0.423,6.27,30.5,2.48,2,334,12.3,65.66,4.19,50.0
5.337,0.0,27.34,0,0.425,6.76,31.9,1.4,24,231,17.6,255.89,27.32,50.0
2.821,25.0,22.36,0,0.472,7.92,12.6,7.62,1,705,13.5,266.2,8.11,50.0
1.97,12.5,3.04,0,0.494,5.96,86.5,5.58,1,487,21.7,282.4,26.74,38.33
4.532,0.0,23.67,0,0.718,8.31,11.0,2.32,24,670,14.9,127.43,33.07,40.52
4.554,0.0,1.12,0,0.513,7.8,60.1,5.94,8,258,14.6,206.09,29.49,50.0
3.036,80.0,12.75,0,0.555,8.1,47.0,3.6,7,393,13.2,10.36,8.25,50.0
6.162,0.0,3.01,0,0.535,8.24,76.0,12.23,1,372,19.6,227.56,15.03,50.0
6.062,60.0,23.98,0,0.387,6.77,29.5,11.51,7,586,18.9,97.46,27.48,45.17
3.356,80.0,2.1,1,0.433,7.21,53.2,1.1,1,687,20.7,26.08,25.27,45.85
7.367,0.0,6.34,0,0.794,7.8,41.8,11.23,8,480,14.9,276.18,26.66,46.56
4.762,0.0,7.07,0,0.674,3.83,58.6,3.14,24,512,21.1,332.79,6.23,39.53
5.0,25.0,10.11,0,0.484,7.65,89.6,11.98,1,399,21.2,206.14,7.11,50.0
4.285,95.0,15.64,0,0.648,6.25,40.8,7.47,4,328,21.5,211.11,2.2,50.0
2.35,80.0,10.33,0,0.583,8.29,28.8,5.95,8,452,13.0,91.64,29.37,50.0
7.307,0.0,12.85,0,0.816,6.68,49.1,1.43,5,546,17.1,1.93,4.83,47.04
4.119,0.0,10.49,0,0.647,7.33,71.7,9.09,2,254,16.1,151.3,4.77,50.0
2.767,12.5,24.19,0,0.424,6.84,41.2,9.61,6,529,15.4,250.28,15.03,50.0
2.549,60.0,14.02,0,0.566,7.57,92.6,11.85,4,691,16.5,392.39,30.86,49.92
2.277,25.0,17.56,0,0.518,5.49,57.5,8.76,7,209,12.1,393.91,32.5,50.0
8.528,0.0,4.61,0,0.849,8.64,38.9,7.75,5,308,18.9,258.63,27.89,48.78
1.876,12.5,11.05,0,0.642,7.09,87.7,11.84,6,641,12.2,313.55,8.17,50.0
4.442,0.0,11.47,0,0.396,4.37,20.5,10.24,5,199,14.4,323.97,24.25,45.52
3.523,80.0,22.45,0,0.388,5.9,81.4,11.67,6,523,20.8,49.26,31.02,41.67
4.898,25.0,17.05,1,0.59,5.45,15.5,1.97,8,542,20.4,51.77,13.68,49.04
7.844,0.0,11.7,0,0.698,6.03,28.5,6.3,5,506,17.9,92.97,25.94,34.09
6.183,95.0,6.65,0,0.587,8.35,52.4,6.59,2,227,12.5,176.6,18.21,50.0
4.044,25.0,17.68,0,0.6,8.56,74.3,3.75,5,488,17.6,35.67,35.08,45.98
7.585,12.5,8.96,0,0.759,7.74,88.9,11.26,4,398,16.8,267.71,30.96,45.26
6.313,80.0,15.99,0,0.703,4.04,15.6,11.18,7,460,18.4,377.29,18.48,38.42
5.789,95.0,4.01,0,0.79,8.13,96.1,12.04,24,464,12.7,286.38,1.08,50.0
7.263,60.0,3.72,0,0.837,5.09,39.4,8.47,2,696,14.4,300.95,17.93,32.54
5.815,25.0,24.08,1,0.484,7.46,77.4,6.94,24,524,21.7,73.32,19.39,50.0
1.642,25.0,15.61,1,0.605,4.08,56.9,11.2,3,528,14.4,132.7,4.51,50.0
3.647,95.0,22.86,0,0.75,5.83,58.0,7.73,7,595,16.1,7.75,21.02,47.66
3.125,12.5,15.33,0,0.786,7.03,37.4,1.73,5,592,19.6,265.38,5.94,50.0
4.891,0.0,5.6,1,0.385,7.59,60.2,12.31,8,227,20.1,193.46,29.74,50.0
6.164,60.0,25.31,1,0.748,8.5,24.0,1.42,1,707,14.3,200.28,22.97,50.0
3.697,80.0,20.01,1,0.804,8.47,19.2,5.71,1,666,20.0,267.19,10.95,50.0
5.808,0.0,12.03,1,0.557,5.18,77.8,6.86,24,285,16.5,232.58,19.44,43.49
3.135,0.0,5.73,0,0.755,7.57,8.0,6.03,3,586,18.1,387.65,3.16,50.0
3.818,25.0,9.82,0,0.847,4.91,3.0,11.47,1,652,19.5,325.46,29.7,24.14
4.664,40.0,2.84,0,0.452,4.54,47.6,9.56,6,305,13.3,281.04,8.4,50.0
8.811,0.0,2.17,0,0.792,8.2,41.1,11.63,7,393,13.9,195.5,9.53,50.0
1.291,95.0,25.98,1,0.458,8.53,52.9,6.35,4,689,18.7,73.92,28.78,50.0
1.399,12.5,19.87,0,0.383,7.26,32.6,8.53,5,214,14.0,176.93,10.88,50.0
2.41,12.5,18.94,0,0.641,5.64,64.2,12.14,3,548,18.5,353.58,24.16,40.2
3.716,80.0,3.23,0,0.749,7.24,13.1,11.92,7,196,20.9,259.0,15.29,50.0
1.592,25.0,8.67,0,0.427,6.25,70.3,10.1,8,341,16.4,11.95,8.63,50.0
2.793,12.5,17.99,1,0.636,5.61,22.0,9.35,3,718,21.9,84.69,30.7,30.51
7.481,80.0,25.17,0,0.712,4.2,38.5,3.74,2,702,15.7,230.86,25.95,25.87
4.267,0.0,18.89,0,0.443,3.86,44.7,11.08,24,594,18.4,304.59,15.92,40.78
7.524,80.0,11.77,0,0.807,7.94,58.5,7.12,4,325,17.6,142.24,23.78,50.0
2.766,95.0,9.54,0,0.452,6.15,18.6,2.19,6,590,14.4,268.7,11.91,50.0
6.848,12.5,16.61,0,0.681,8.38,30.3,3.31,6,508,19.9,113.51,14.4,50.0
8.383,12.5,2.51,0,0.632,4.89,7.3,9.49,2,196,18.6,292.24,35.96,28.72
4.148,60.0,6.48,0,0.552,5.75,79.9,3.36,3,354,21.5,81.17,34.97,34.01
5.618,0.0,12.0,1,0.382,4.28,14.1,7.94,5,711,16.3,285.77,27.91,26.8
5.374,0.0,11.66,0,0.833,6.04,77.3,11.2,4,660,17.1,243.71,24.31,31.48
3.019,60.0,21.96,0,0.674,6.28,92.0,4.37,6,290,12.1,138.94,19.16,50.0
5.612,60.0,26.46,0,0.505,6.27,22.9,12.04,4,631,19.7,350.14,28.54,44.05
4.961,40.0,4.03,0,0.703,5.74,35.8,12.35,24,375,16.4,317.06,12.21,50.0
2.346,95.0,25.4,0,0.859,5.17,81.9,5.08,7,700,15.2,85.06,2.5,50.0
3.674,0.0,6.97,1,0.517,7.81,95.3,2.9,4,485,19.7,92.16,10.29,50.0
4.413,0.0,5.54,0,0.716,5.74,82.6,6.8,2,185,17.2,17.86,13.21,50.0
5.402,60.0,12.03,0,0.668,4.09,48.7,3.98,5,650,16.3,362.77,5.53,39.4
6.054,0.0,5.53,0,0.778,4.02,75.9,9.36,7,500,21.8,218.79,16.12,30.97
5.262,0.0,17.74,0,0.401,7.94,14.0,6.99,4,400,14.2,52.0,21.12,50.0
2.806,0.0,3.21,0,0.633,5.38,2.0,10.92,3,526,19.9,191.27,30.22,37.27
7.209,0.0,2.35,0,0.777,8.08,11.3,7.23,6,236,15.8,362.9,30.91,50.0
7.756,0.0,5.62,1,0.686,7.42,5.5,5.1,2,277,18.7,293.58,22.95,50.0
6.053,95.0,12.33,1,0.77,6.26,49.3,7.17,5,331,18.0,80.97,7.03,50.0
0.162,95.0,24.99,0,0.388,8.39,70.8,7.9,2,337,21.6,87.32,31.07,50.0
4.268,40.0,4.91,0,0.401,8.16,86.2,10.3,1,233,21.4,328.17,18.69,50.0
2.339,80.0,13.89,0,0.569,7.38,27.0,1.08,7,288,12.7,364.41,36.05,50.0
3.699,0.0,19.96,0,0.829,8.77,60.0,10.55,2,619,15.2,267.42,7.22,50.0
7.781,0.0,15.14,0,0.707,4.46,67.5,8.42,4,406,14.0,72.28,14.22,39.57
5.897,80.0,16.18,0,0.409,7.74,23.7,10.09,6,620,17.5,272.88,26.94,50.0
6.526,0.0,24.3,1,0.69,6.65,41.6,7.3,5,547,12.3,64.8,3.41,50.0
6.963,60.0,0.66,0,0.578,5.17,12.1,8.92,24,193,14.5,296.54,30.87,47.97
8.372,0.0,19.18,1,0.824,5.08,80.8,7.35,4,459,16.2,129.26,11.38,37.55
6.91,60.0,0.81,0,0.786,8.36,5.4,10.52,8,448,15.4,171.54,21.63,50.0
8.165,40.0,15.93,0,0.619,4.51,98.3,1.9,3,196,14.9,142.52,35.41,26.73
1.892,60.0,5.34,0,0.71,6.94,30.2,5.67,7,267,20.8,320.07,8.22,50.0
7.685,25.0,13.87,1,0.44,8.75,67.9,5.32,24,507,17.8,5.69,36.75,45.49
0.717,80.0,26.35,0,0.439,5.75,15.4,9.27,7,625,12.1,75.27,23.08,50.0
6.578,60.0,24.16,1,0.617,4.03,40.8,5.35,8,682,20.2,117.23,6.85,43.27
0.0,80.0,26.2,0,0.423,8.49,33.6,4.15,4,528,13.5,328.56,15.44,50.0
5.149,95.0,23.12,0,0.674,8.19,46.4,2.24,1,527,19.7,3.28,14.32,50.0
6.521,12.5,21.22,0,0.732,6.38,38.4,5.76,6,415,14.9,59.3,6.53,50.0
8.574,0.0,16.82,0,0.831,6.69,91.8,11.22,4,291,19.9,110.01,26.84,35.35
4.895,0.0,22.3,1,0.631,5.13,90.9,10.87,8,673,17.9,215.91,26.5,32.41
9.523,0.0,25.56,1,0.836,4.54,11.1,6.66,24,262,17.0,259.23,36.52,22.64
9.437,0.0,23.76,0,0.857,5.52,47.4,9.88,7,402,18.8,143.53,18.52,36.81
2.12,40.0,23.9,1,0.484,7.31,51.2,11.93,3,380,19.5,393.78,31.49,50.0
4.11,0.0,3.96,0,0.479,4.38,90.1,12.15,24,371,17.5,131.42,37.44,26.15
4.204,95.0,20.38,0,0.63,6.16,2.7,4.01,7,664,16.4,363.2,27.22,41.86
2.348,80.0,8.58,1,0.419,7.13,7.5,6.44,4,253,18.8,326.07,27.52,50.0
5.138,12.5,3.27,0,0.574,4.28,66.2,6.53,5,264,14.6,378.92,9.14,49.05
2.752,60.0,2.7,0,0.554,6.75,87.0,5.39,5,540,19.1,123.79,35.47,38.38
1.808,80.0,3.11,0,0.715,5.61,24.3,3.79,5,641,13.6,171.51,23.76,39.94
6.539,0.0,20.65,0,0.491,5.31,60.8,5.19,24,544,20.1,284.55,24.2,31.03
3.823,0.0,23.12,1,0.631,4.07,71.6,11.7,3,298,15.7,234.47,19.47,44.91
5.708,12.5,14.4,1,0.822,6.72,6.4,11.58,4,300,13.6,73.91,33.22,47.42
3.106,80.0,0.87,1,0.481,4.39,32.6,11.83,24,403,20.0,220.51,12.46,50.0
6.711,25.0,0.67,0,0.488,5.72,86.2,12.29,6,591,12.1,266.8,17.62,45.5
5.509,95.0,23.52,0,0.804,4.7,69.4,7.2,2,397,20.6,199.82,33.01,27.59
6.778,25.0,21.09,0,0.589,7.34,23.1,3.37,1,486,19.2,142.94,22.69,46.4
4.572,0.0,24.8,1,0.703,5.79,89.0,7.25,4,276,13.8,100.17,34.82,37.6
0.406,25.0,16.11,0,0.435,6.4,32.3,10.89,7,539,13.0,383.75,7.71,50.0
5.503,12.5,13.13,0,0.612,7.34,32.1,9.17,4,565,14.5,376.93,4.51,50.0
5.485,40.0,25.49,0,0.661,5.09,9.2,3.84,4,286,14.1,338.62,8.16,50.0
5.027,80.0,5.29,1,0.606,6.4,48.7,5.21,4,549,19.9,168.74,8.72,50.0
4.271,25.0,27.46,0,0.667,4.9,81.8,7.39,24,484,13.8,312.21,32.63,31.06
8.794,0.0,18.85,1,0.796,4.37,86.9,1.38,2,263,14.2,42.18,12.39,39.04
4.896,0.0,20.73,1,0.856,6.3,17.3,1.86,1,269,12.0,288.2,36.18,41.95
6.86,25.0,22.79,0,0.533,6.94,80.5,7.93,2,530,21.8,190.99,20.62,42.58
3.458,60.0,12.97,0,0.57,4.71,5.6,8.77,2,226,20.0,302.31,17.95,50.0
4.841,0.0,2.04,1,0.658,5.99,17.5,4.07,6,660,13.0,335.08,24.89,40.59
6.786,12.5,4.74,1,0.609,4.39,68.8,4.54,2,657,18.8,81.6,30.91,21.7
5.218,0.0,22.56,1,0.629,5.83,56.1,7.16,24,610,19.5,13.87,28.98,32.3
6.669,12.5,25.93,1,0.863,6.19,83.3,11.58,5,397,21.5,363.48,37.74,25.09
3.497,80.0,1.88,1,0.478,6.25,84.3,8.57,6,583,20.1,316.92,28.21,47.0
6.923,60.0,10.9,0,0.781,6.97,97.3,9.56,6,542,20.4,321.15,9.83,50.0
2.918,40.0,17.99,0,0.504,7.67,25.7,6.69,1,459,18.8,296.9,23.61,50.0
2.307,25.0,9.48,0,0.496,7.82,36.2,7.37,1,673,17.2,148.68,20.69,50.0
5.673,60.0,16.17,0,0.734,4.4,41.9,5.37,24,223,19.0,109.82,29.89,32.84
2.246,0.0,26.62,0,0.423,3.81,88.2,3.51,5,210,15.1,18.21,28.31,36.24
8.702,12.5,23.97,1,0.69,5.96,21.8,4.35,7,658,14.8,169.49,26.59,35.57
0.315,60.0,23.82,0,0.501,8.05,95.3,11.39,4,665,14.6,133.23,6.43,50.0
3.047,25.0,22.59,0,0.406,4.24,19.5,6.63,1,674,20.0,43.73,33.33,22.37
2.108,95.0,7.58,1,0.613,6.97,21.8,3.26,4,202,16.3,104.62,8.95,50.0
5.979,40.0,7.78,1,0.639,4.85,35.5,11.88,6,367,16.1,73.72,18.29,50.0
5.486,80.0,9.52,1,0.41,4.23,84.9,9.05,2,343,18.0,94.92,27.59,45.67
4.24,0.0,3.94,1,0.606,5.62,65.2,6.99,5,284,19.0,383.42,34.64,35.73
4.588,95.0,12.54,0,0.829,6.33,98.0,6.63,2,225,18.3,299.2,32.27,46.7
5.417,60.0,7.72,1,0.398,6.08,22.1,7.19,5,631,17.3,106.73,36.85,34.88
3.617,95.0,23.22,0,0.607,5.96,86.9,8.59,1,478,20.8,246.15,18.73,50.0
6.559,12.5,3.68,1,0.651,7.9,26.0,8.63,7,442,14.5,376.35,16.84,50.0
3.028,95.0,22.87,0,0.867,8.24,56.0,8.58,6,400,12.2,395.25,36.95,50.0
0.676,40.0,12.26,0,0.456,6.9,78.6,2.43,6,342,14.1,362.0,2.4,50.0
0.734,60.0,10.79,0,0.39,6.8,89.4,11.47,6,589,15.5,384.62,37.2,47.02
7.506,0.0,22.19,0,0.774,8.01,80.8,8.85,4,347,12.3,57.94,37.06,39.32
2.307,95.0,26.86,0,0.382,5.26,21.6,8.64,24,323,19.0,300.88,26.64,50.0
5.762,0.0,8.63,0,0.763,3.96,25.3,12.13,6,484,17.3,281.33,9.05,40.37
1.506,80.0,16.7,0,0.668,6.43,75.3,4.12,6,515,14.4,329.37,14.87,50.0
8.024,0.0,23.71,0,0.755,8.15,44.8,4.16,3,543,20.7,39.08,13.7,47.29
5.186,80.0,19.01,0,0.545,5.49,6.0,1.62,24,306,17.8,288.92,32.54,43.05
5.215,25.0,20.53,1,0.57,7.18,35.2,10.48,5,704,17.5,232.27,5.26,50.0
5.021,0.0,14.28,0,0.701,5.24,71.8,1.47,6,207,16.4,337.63,23.04,42.15
6.378,12.5,10.44,0,0.629,4.19,8.1,9.7,3,336,16.5,307.98,12.1,45.95
5.482,80.0,25.71,0,0.562,8.17,38.3,11.11,2,309,14.2,177.56,32.51,50.0
6.295,12.5,13.53,1,0.682,3.89,8.1,4.28,6,552,18.0,112.8,31.79,21.91
2.926,80.0,24.7,0,0.594,4.46,68.4,4.92,7,680,13.2,130.93,22.69,33.84
6.161,0.0,21.47,1,0.599,6.92,79.5,5.32,2,338,21.1,391.24,19.16,49.26
4.345,12.5,22.24,0,0.78,8.54,70.0,3.32,2,688,21.1,252.81,2.83,50.0
7.057,40.0,15.5,0,0.553,6.91,34.9,10.55,7,371,21.6,168.27,21.66,48.18
6.608,40.0,21.95,1,0.723,8.1,42.6,6.85,24,544,19.6,119.67,30.73,40.59
4.213,60.0,21.0,0,0.524,4.2,10.7,11.47,8,508,19.7,37.11,27.57,32.71
8.533,60.0,15.51,0,0.761,6.88,96.6,11.01,7,216,17.2,379.3,33.68,42.86
3.632,0.0,26.95,0,0.561,7.75,56.1,7.87,2,290,15.7,81.21,2.62,50.0
6.495,12.5,19.02,0,0.727,8.5,44.5,6.75,1,369,21.1,264.21,33.91,43.5
4.344,95.0,5.08,0,0.654,6.87,53.8,4.26,8,712,13.0,300.03,29.6,40.74
5.329,25.0,24.28,0,0.742,6.52,31.3,9.04,3,481,13.9,304.0,17.09,49.23
3.718,60.0,8.79,0,0.506,7.04,21.0,8.87,3,686,18.0,172.29,9.87,50.0
5.911,95.0,3.01,1,0.597,8.07,28.7,7.51,5,577,17.3,263.44,12.32,50.0
5.721,12.5,27.03,0,0.502,7.85,34.4,6.03,5,327,14.0,110.79,35.84,50.0
3.887,0.0,23.37,1,0.511,8.58,40.1,5.81,24,245,21.6,48.32,37.5,48.73
3.272,0.0,7.06,0,0.51,6.6,15.5,11.39,4,658,14.1,192.88,21.65,50.0
3.864,0.0,6.0,1,0.621,5.3,88.6,6.99,6,687,17.0,20.42,10.82,45.16
6.648,40.0,18.75,1,0.705,7.06,67.3,10.09,6,651,17.0,222.91,1.08,50.0
4.48,0.0,25.25,1,0.699,5.11,27.0,7.92,4,604,21.2,65.73,2.35,47.87
4.258,60.0,10.09,0,0.772,4.69,8.0,2.74,24,621,16.4,180.95,4.69,44.02
6.66,40.0,2.74,0,0.66,6.44,67.7,8.56,6,598,15.7,40.2,9.28,50.0
6.048,0.0,15.17,0,0.865,8.36,83.6,9.16,24,667,21.0,163.03,37.82,26.88
2.123,0.0,21.54,0,0.482,6.54,2.2,1.47,24,259,19.4,194.9,2.41,50.0
5.2,95.0,7.72,1,0.821,7.07,83.7,4.4,7,550,18.2,8.31,32.35,41.75
3.074,40.0,17.14,1,0.427,4.37,30.4,4.64,24,378,12.4,373.95,1.23,50.0
5.882,40.0,3.83,0,0.59,3.85,75.6,11.32,3,291,16.0,233.25,11.64,46.43
2.23,80.0,3.48,1,0.497,7.97,6.3,3.83,3,634,14.8,317.46,7.65,50.0
3.741,0.0,5.24,0,0.577,8.32,96.9,4.91,1,608,19.6,99.44,13.06,50.0
6.254,0.0,24.64,0,0.579,8.26,75.2,2.66,6,295,12.1,352.95,14.18,50.0
4.279,60.0,15.35,0,0.589,3.81,47.3,1.87,2,362,12.8,207.4,32.43,32.63
6.097,12.5,22.38,0,0.559,7.78,58.3,3.64,4,197,18.3,147.08,20.6,50.0
2.244,0.0,24.01,1,0.542,7.89,89.8,7.69,4,328,20.6,280.32,9.41,50.0
2.835,25.0,11.63,0,0.688,7.22,74.4,7.6,3,215,15.0,339.82,25.14,50.0
0.0,95.0,14.12,0,0.428,6.83,20.7,5.5,6,433,14.2,165.37,29.27,50.0
6.662,40.0,19.4,0,0.608,8.15,2.3,10.43,5,302,16.1,393.27,9.63,50.0
5.713,0.0,3.09,1,0.385,8.63,28.4,1.71,3,529,19.0,346.82,7.28,50.0
3.291,12.5,23.79,1,0.425,7.01,85.0,5.3,24,291,16.5,240.18,14.87,50.0
2.224,12.5,26.63,0,0.395,7.31,98.1,8.88,6,265,19.7,240.75,21.28,50.0
4.395,80.0,16.4,1,0.521,6.3,52.9,9.2,5,487,12.4,139.07,27.54,50.0
3.027,40.0,22.86,0,0.66,8.46,38.1,1.25,8,571,20.7,2.66,10.66,50.0
4.878,95.0,24.28,0,0.588,7.06,72.7,6.18,3,600,12.3,51.07,35.5,42.55
3.324,0.0,3.77,1,0.631,8.13,74.5,1.3,4,626,20.4,233.23,3.52,50.0
3.863,95.0,2.32,1,0.404,8.16,99.5,6.75,7,352,17.3,136.82,32.23,50.0
3.625,80.0,13.05,1,0.797,7.72,10.3,8.72,8,317,19.0,201.04,33.59,50.0
6.898,60.0,17.98,1,0.53,3.94,50.1,3.33,6,550,15.9,316.79,26.38,33.24
6.415,0.0,1.5,0,0.856,5.64,25.5,11.67,8,469,19.3,310.55,23.56,30.25
2.95,40.0,3.36,1,0.746,8.2,72.8,5.78,8,373,15.6,47.89,5.84,50.0
5.142,25.0,14.26,0,0.625,6.84,38.6,12.33,6,494,14.2,93.35,15.31,50.0
7.395,0.0,5.29,0,0.759,8.01,61.9,1.71,7,440,16.3,229.38,6.5,50.0
4.794,0.0,15.85,0,0.483,4.99,5.7,8.21,4,669,17.6,15.72,24.73,32.59
3.078,80.0,10.6,0,0.541,5.46,43.5,2.97,3,463,19.8,379.48,10.38,50.0
2.727,95.0,4.76,0,0.522,5.64,46.3,7.56,3,310,13.4,87.73,17.3,50.0
7.385,0.0,21.92,0,0.716,7.86,45.1,10.62,1,503,15.3,191.45,25.43,49.2
1.707,0.0,12.88,0,0.416,4.43,31.5,4.47,6,391,15.5,199.6,26.74,38.2
6.437,40.0,1.35,0,0.821,6.1,6.9,4.12,1,372,15.8,278.56,14.81,50.0
4.007,0.0,24.32,0,0.477,6.68,41.9,5.34,8,184,20.1,213.18,13.01,50.0
3.059,12.5,21.4,0,0.51,4.33,79.0,1.78,5,329,20.6,309.39,22.94,32.39
5.937,25.0,23.22,0,0.436,8.59,12.5,7.03,2,697,17.5,254.16,16.38,50.0
4.073,0.0,6.28,0,0.754,8.11,59.4,5.25,6,395,17.3,316.16,33.85,39.55
0.96,80.0,1.51,0,0.527,5.65,7.2,2.06,7,473,20.4,348.79,6.97,50.0
5.697,40.0,25.03,0,0.584,4.61,91.4,12.06,4,529,19.1,314.76,24.05,30.55
7.074,12.5,15.88,0,0.62,8.1,75.6,3.83,5,414,14.8,152.02,3.3,50.0
7.384,40.0,23.0,0,0.611,4.05,66.9,5.8,4,718,20.5,30.56,17.34,23.46
2.386,60.0,5.63,0,0.417,6.96,74.3,9.51,1,354,13.7,251.28,19.04,50.0
3.974,0.0,24.95,0,0.594,7.12,10.4,9.42,6,456,13.2,86.66,8.29,50.0
7.832,0.0,4.29,0,0.86,6.79,92.3,4.78,7,507,17.5,174.34,23.67,35.04
2.104,95.0,5.1,0,0.725,4.69,80.7,7.82,3,267,20.1,342.44,24.8,42.53
2.521,25.0,14.1,0,0.434,3.83,10.2,10.38,6,586,21.0,230.63,22.48,31.55
6.98,40.0,4.65,0,0.786,7.9,5.0,6.18,1,335,12.5,358.07,24.92,50.0
3.805,95.0,14.36,1,0.578,6.92,55.3,8.95,3,654,13.9,317.24,5.61,50.0
6.155,40.0,26.13,0,0.827,5.36,28.8,8.35,2,500,13.9,59.35,5.21,50.0
4.921,0.0,5.65,0,0.813,4.89,37.2,10.53,24,354,20.9,93.6,7.77,48.53
5.068,0.0,20.14,0,0.812,8.18,92.3,5.54,7,668,20.3,249.94,37.97,30.4
6.054,40.0,7.17,0,0.458,6.48,45.2,1.45,8,665,15.8,123.41,5.98,50.0
3.738,95.0,13.82,1,0.727,8.35,31.6,12.17,8,678,20.6,29.78,17.61,50.0
6.109,0.0,1.05,0,0.722,8.21,38.3,1.84,8,328,14.8,183.35,37.06,39.09
7.492,40.0,8.31,0,0.594,7.85,98.9,7.82,4,362,16.9,334.98,28.84,50.0
8.671,12.5,16.19,0,0.723,4.9,66.4,10.26,3,703,17.8,360.32,24.98,22.87
4.307,80.0,15.33,1,0.633,6.19,98.4,11.56,5,364,18.5,92.18,34.44,46.18
5.017,0.0,14.57,0,0.664,4.15,9.9,5.9,3,262,18.5,126.51,12.56,40.74
5.074,0.0,22.51,0,0.623,5.67,72.9,7.34,5,469,18.6,241.88,30.32,33.31
6.622,80.0,10.7,1,0.725,5.87,77.3,3.73,1,513,21.1,142.25,23.6,38.8
0.96,40.0,8.0,0,0.46,5.65,34.6,2.16,4,215,19.4,243.04,13.99,50.0
0.607,40.0,3.46,0,0.393,5.85,32.2,2.23,4,619,14.3,300.18,28.16,47.23
6.707,0.0,7.3,1,0.496,8.21,90.7,2.62,5,317,16.2,278.65,32.2,49.85
7.988,0.0,27.31,0,0.813,7.93,18.9,8.28,24,294,13.4,31.82,3.34,50.0
8.615,12.5,10.04,0,0.711,7.51,85.5,4.68,3,302,12.7,63.99,28.72,44.87
0.602,80.0,24.56,0,0.414,5.33,84.4,3.37,2,196,22.0,199.99,6.99,50.0
5.259,40.0,21.6,0,0.71,3.93,25.0,11.67,2,701,20.0,96.63,16.45,29.52
3.347,0.0,18.79,0,0.443,6.3,31.8,9.12,1,269,16.5,53.47,10.69,50.0
2.005,95.0,13.21,1,0.694,6.96,20.0,1.74,8,191,14.1,50.95,1.76,50.0
3.482,80.0,7.41,0,0.53,4.45,6.3,5.15,1,201,14.9,156.81,3.43,50.0
7.628,0.0,6.83,0,0.544,7.53,58.0,2.53,8,330,18.8,50.76,9.58,50.0
4.817,80.0,4.02,0,0.62,7.77,9.5,7.01,24,688,19.2,359.68,31.46,43.21
4.121,80.0,25.28,0,0.487,6.2,66.3,2.48,4,266,17.3,227.73,23.74,50.0
5.802,0.0,8.0,1,0.49,5.17,13.5,3.91,6,693,16.1,202.34,31.67,29.67
4.722,12.5,8.07,0,0.624,8.67,66.4,9.96,1,433,18.3,315.68,13.87,50.0
3.237,40.0,17.24,0,0.756,6.5,33.9,8.61,3,213,15.6,110.71,12.31,50.0
7.653,0.0,12.6,0,0.503,8.52,24.3,4.61,7,647,12.1,387.82,28.34,44.28
5.937,40.0,5.82,0,0.471,7.23,35.9,8.85,6,524,19.6,267.42,10.88,50.0
1.37,80.0,20.99,1,0.603,7.29,51.3,7.04,3,318,21.7,317.15,29.2,50.0
5.588,0.0,18.84,0,0.834,3.91,76.1,4.57,2,307,19.8,117.1,4.91,42.1
5.559,95.0,19.21,0,0.426,8.24,95.4,12.33,24,617,16.1,32.47,16.48,50.0
1.159,60.0,3.9,0,0.527,8.54,50.8,9.0,24,604,16.7,45.64,1.58,50.0
6.203,0.0,6.74,0,0.54,7.68,69.9,8.59,4,209,16.6,53.42,32.08,50.0
6.744,80.0,18.25,0,0.674,7.85,7.9,3.46,1,447,20.0,90.33,37.36,39.6
0.596,95.0,25.7,0,0.508,8.01,17.8,6.37,5,720,13.2,368.76,26.16,50.0
4.128,25.0,7.12,0,0.421,5.12,37.0,5.36,6,279,17.1,49.49,18.16,50.0
0.378,80.0,2.04,0,0.513,8.32,47.1,3.27,3,542,20.9,319.93,18.35,50.0
5.483,40.0,6.17,0,0.534,8.18,67.8,3.36,2,524,14.6,252.82,5.2,50.0
5.644,0.0,1.25,0,0.62,5.04,41.4,7.71,1,213,15.6,51.04,3.79,50.0
2.339,60.0,21.67,1,0.7,8.53,75.3,5.2,4,451,18.7,125.41,16.7,50.0
6.58,40.0,18.54,0,0.512,4.51,79.6,1.98,5,517,15.1,174.08,29.64,27.47
5.782,0.0,11.34,0,0.733,6.92,7.9,2.22,5,212,13.8,76.01,8.21,50.0
6.514,40.0,14.3,0,0.845,7.48,63.6,11.07,3,700,17.2,133.38,35.26,27.32
1.662,80.0,19.83,0,0.667,8.21,63.8,6.19,4,549,14.6,313.52,11.9,50.0
2.143,80.0,13.79,1,0.504,7.69,28.8,5.49,4,214,15.1,112.05,2.96,50.0
4.404,95.0,24.09,0,0.571,6.53,14.3,9.53,8,552,20.1,318.44,19.38,50.0
5.771,95.0,9.99,0,0.7,5.7,59.1,2.61,1,440,12.2,62.38,14.34,50.0
3.443,12.5,16.78,0,0.425,5.97,58.2,12.4,4,324,20.4,294.97,18.34,50.0
7.837,0.0,10.24,0,0.726,5.28,14.2,5.53,1,402,13.3,23.3,31.53,33.55
8.609,25.0,7.16,0,0.844,8.49,47.1,7.59,3,428,16.3,312.11,19.48,50.0
7.329,25.0,9.58,0,0.676,7.54,36.7,8.17,8,699,20.8,68.78,27.83,34.91
6.398,25.0,18.89,0,0.595,4.33,24.4,10.78,5,204,13.6,238.02,8.72,50.0
2.61,80.0,10.96,1,0.58,7.88,71.6,9.81,5,221,14.8,366.34,13.45,50.0
5.525,95.0,10.7,0,0.849,8.62,36.3,11.78,3,345,12.4,307.58,11.8,50.0
3.687,0.0,21.91,0,0.597,8.46,43.2,6.54,5,366,14.1,83.43,26.87,50.0
1.71,80.0,5.73,0,0.731,6.4,23.2,5.81,3,261,20.2,136.82,2.52,50.0
6.956,80.0,20.93,0,0.506,8.27,63.4,11.97,24,574,21.6,225.94,30.13,50.0
0.802,40.0,6.35,1,0.413,8.31,48.7,2.28,1,544,13.8,222.39,21.7,50.0
6.989,0.0,18.46,0,0.405,6.91,84.4,6.37,4,287,21.8,243.02,37.59,33.33
1.262,0.0,20.54,0,0.405,8.69,17.7,8.94,6,207,17.3,163.51,27.5,50.0
3.191,0.0,5.17,1,0.422,4.58,75.8,7.01,5,535,13.8,236.64,24.8,39.64
6.035,0.0,4.05,0,0.417,5.44,62.8,9.97,24,655,21.5,45.64,14.35,36.14
5.236,0.0,5.81,0,0.769,8.12,88.8,4.25,2,656,15.4,67.2,30.43,40.38
6.514,0.0,1.77,1,0.622,5.55,70.7,6.57,6,526,21.5,1.94,13.53,40.12
2.605,0.0,8.51,1,0.466,5.04,42.4,4.35,7,311,16.5,199.13,36.35,40.16
6.197,25.0,21.21,0,0.399,7.77,92.0,8.49,5,511,21.1,270.68,26.48,44.53
6.574,80.0,24.17,0,0.705,8.45,61.3,3.31,5,289,16.3,348.8,36.06,48.93
8.421,25.0,26.65,1,0.652,7.19,67.9,8.99,24,548,17.3,177.22,23.96,41.73
5.221,60.0,17.93,1,0.604,4.56,44.0,11.92,24,638,18.2,259.22,17.65,40.87
3.215,80.0,13.26,0,0.854,5.19,22.9,10.7,7,452,15.6,265.92,20.3,50.0
4.926,12.5,27.14,1,0.648,5.15,2.3,1.45,4,578,15.4,318.23,32.01,31.4
5.755,0.0,27.12,0,0.751,7.97,77.8,11.82,4,342,16.7,82.69,13.66,50.0
5.992,60.0,24.56,0,0.865,4.57,26.4,1.31,6,648,18.6,342.34,13.91,30.5
5.281,0.0,19.55,0,0.547,5.74,3.9,7.67,1,521,21.2,321.96,8.88,45.82
6.308,12.5,1.33,0,0.416,8.35,26.1,8.32,6,373,13.3,204.63,17.05,50.0
2.929,80.0,23.88,1,0.78,3.94,50.8,1.5,1,205,17.0,372.55,4.67,50.0
4.716,80.0,1.35,0,0.764,7.47,9.8,10.98,8,496,20.9,112.61,15.34,50.0
3.455,60.0,6.94,1,0.594,8.17,90.8,11.26,8,488,20.3,293.33,10.43,50.0
2.333,60.0,3.79,0,0.522,6.5,50.9,1.77,3,680,17.1,350.22,24.23,45.56
5.982,95.0,14.02,0,0.585,7.34,69.2,2.98,3,319,14.0,86.84,33.17,50.0
6.378,0.0,3.81,0,0.387,7.29,14.0,10.9,3,186,14.9,108.4,19.92,50.0
3.573,80.0,25.44,1,0.415,7.95,67.3,2.27,8,568,15.9,117.76,16.45,50.0
5.955,0.0,24.58,1,0.716,7.49,38.3,8.51,8,640,19.5,158.56,14.78,50.0
8.765,60.0,23.76,1,0.857,4.03,36.6,1.1,6,323,17.9,123.38,33.58,17.69
4.266,40.0,2.17,1,0.639,6.77,51.1,12.45,8,549,15.0,109.49,7.16,50.0
2.011,95.0,10.27,0,0.583,6.84,60.3,7.17,4,718,16.3,272.1,2.28,50.0
7.247,25.0,11.7,1,0.479,3.99,17.9,10.97,5,433,12.6,35.31,26.76,41.69
5.318,12.5,7.03,0,0.819,4.34,13.0,10.99,5,201,16.0,99.86,20.68,42.46
5.178,40.0,4.1,0,0.554,6.65,12.2,1.86,4,601,18.1,371.66,13.82,50.0
9.085,40.0,2.47,1,0.849,8.2,21.6,6.77,2,427,15.3,384.55,36.34,41.72
9.216,12.5,18.24,0,0.776,6.51,81.0,5.09,24,627,18.6,27.1,25.17,26.06
5.503,60.0,24.91,0,0.674,7.55,99.3,9.91,7,312,14.6,168.51,23.3,50.0
4.926,0.0,16.48,1,0.773,7.22,54.6,2.58,24,550,20.4,192.59,22.82,40.7
5.211,0.0,2.94,0,0.444,8.74,82.0,6.69,2,239,18.8,395.63,12.57,50.0
7.963,0.0,23.09,0,0.645,7.1,17.6,11.52,2,554,18.4,227.08,24.45,43.38
6.515,60.0,5.13,0,0.78,7.42,42.9,3.1,1,276,15.9,168.69,9.03,50.0
3.771,40.0,1.48,0,0.521,7.46,39.6,4.71,24,273,21.5,5.75,2.99,50.0
2.697,95.0,23.13,0,0.71,8.27,8.0,11.17,24,484,13.9,376.29,2.82,50.0
8.273,12.5,20.41,0,0.841,6.38,85.8,8.36,8,205,13.4,107.1,12.18,50.0
4.271,0.0,13.14,0,0.708,4.67,68.4,9.08,4,312,19.6,194.07,24.3,34.29
5.618,40.0,7.45,1,0.412,4.44,37.0,11.89,6,508,15.1,367.83,11.66,50.0
7.038,60.0,11.47,0,0.546,7.22,58.8,10.18,3,452,13.8,280.93,31.79,47.1
7.789,0.0,6.11,0,0.787,4.91,26.5,1.58,3,663,18.2,294.05,36.98,6.94
3.118,0.0,24.57,1,0.612,4.88,88.7,7.5,3,224,14.2,364.73,26.48,49.54
2.819,40.0,16.69,0,0.534,7.14,10.6,4.31,3,266,19.9,35.55,35.8,44.52
2.707,60.0,23.62,0,0.673,4.03,72.3,10.59,4,583,14.5,85.57,10.88,49.56
3.442,60.0,16.38,0,0.452,7.25,98.1,9.14,1,654,18.3,65.55,33.9,43.38
4.034,12.5,9.12,1,0.629,8.04,51.7,11.15,8,507,18.7,42.24,23.26,50.0
3.315,40.0,6.39,0,0.401,4.02,7.9,5.86,3,530,17.1,341.52,24.88,36.15
3.424,40.0,8.16,0,0.65,4.4,18.2,8.57,8,208,14.4,108.84,16.58,50.0
7.02,25.0,22.64,0,0.698,8.66,67.7,10.84,24,471,21.4,306.1,13.36,50.0
5.181,40.0,3.77,0,0.623,5.37,98.8,1.78,24,555,13.1,289.38,37.72,25.97
7.385,40.0,19.5,0,0.827,5.84,79.3,1.14,4,404,16.5,124.93,7.75,50.0
2.956,95.0,7.42,0,0.423,6.62,20.0,11.2,6,274,19.3,134.36,18.76,50.0
4.262,12.5,12.74,0,0.493,5.78,6.4,1.81,3,619,15.1,22.79,23.9,39.54
5.711,12.5,21.83,0,0.468,6.6,13.9,8.13,4,550,18.4,58.98,34.02,36.91
5.008,0.0,16.9,0,0.396,7.38,68.0,11.86,5,583,21.0,221.07,1.95,50.0
7.821,40.0,5.85,0,0.831,6.14,93.5,8.58,5,690,16.0,272.69,1.89,49.24
5.707,0.0,8.89,1,0.591,5.76,61.5,8.91,4,621,21.3,325.29,26.16,31.0
2.979,95.0,11.53,0,0.811,7.52,90.7,1.19,6,523,17.8,132.64,24.43,48.27
7.013,0.0,10.68,0,0.483,8.37,16.0,6.15,3,679,14.5,375.26,27.56,50.0
6.133,0.0,13.29,0,0.737,5.15,19.3,9.98,4,439,18.4,347.38,37.19,19.82
6.499,40.0,3.2,0,0.674,7.52,10.5,1.55,7,705,16.0,199.3,21.31,45.75
5.672,95.0,26.3,0,0.513,5.05,89.6,3.93,1,431,18.8,316.06,25.05,38.59
1.824,95.0,26.34,0,0.584,4.23,67.4,4.14,24,413,19.0,93.4,4.76,50.0
4.782,60.0,16.14,0,0.511,5.9,8.7,2.56,4,685,21.7,239.12,30.05,31.48
4.719,0.0,2.96,0,0.458,7.8,9.5,3.47,24,555,13.8,2.34,6.67,50.0
1.825,12.5,2.48,0,0.499,7.93,64.4,8.89,2,478,19.7,235.62,7.57,50.0
3.901,12.5,3.8,1,0.617,3.97,13.0,8.16,1,430,13.0,306.92,18.98,47.89
4.771,0.0,0.71,0,0.718,7.08,64.6,9.65,2,654,15.8,136.04,36.5,32.63
4.262,25.0,23.45,0,0.506,4.89,86.7,11.46,8,296,15.7,28.87,11.53,50.0
6.502,0.0,3.57,0,0.82,7.25,46.3,2.53,3,370,21.1,334.89,2.97,50.0
1.564,95.0,0.76,0,0.519,7.37,64.9,3.06,4,351,13.1,264.36,1.47,50.0
8.531,12.5,5.3,0,0.648,4.49,74.1,5.03,8,573,13.6,58.56,33.15,15.11
6.234,0.0,3.17,1,0.656,7.43,18.2,11.98,4,351,20.9,196.11,1.98,50.0
3.507,80.0,14.15,0,0.774,8.74,47.9,10.54,24,601,19.4,378.28,1.26,50.0
6.229,95.0,11.22,0,0.749,5.96,24.9,1.18,3,221,18.1,118.62,18.88,50.0
4.363,12.5,17.8,0,0.519,7.17,37.4,3.27,24,467,19.8,24.07,13.68,50.0
1.729,0.0,14.75,0,0.46,5.26,93.1,6.14,4,688,17.0,173.11,23.57,31.36
4.486,12.5,27.4,1,0.572,7.1,83.4,4.91,24,417,15.2,284.93,1.29,50.0
1.842,0.0,12.77,1,0.499,7.43,55.8,7.49,2,421,13.3,143.28,4.33,50.0
3.108,25.0,1.25,0,0.796,6.47,9.2,8.11,1,552,12.3,120.2,15.85,50.0
8.295,25.0,23.61,1,0.773,7.4,47.2,8.69,5,540,21.4,340.46,21.97,43.73
7.466,12.5,17.53,0,0.46,8.58,79.7,10.54,8,205,15.1,118.18,26.34,50.0
4.335,95.0,3.75,0,0.828,4.3,75.8,10.71,6,596,17.0,275.93,18.19,34.45
5.829,40.0,3.99,1,0.742,4.28,5.8,2.76,2,640,16.2,131.42,35.48,22.52
6.594,0.0,3.98,0,0.706,6.58,26.7,12.33,4,492,16.5,346.88,17.3,47.29
5.475,12.5,20.17,0,0.682,5.57,59.6,8.93,24,454,17.2,220.53,30.0,32.99
7.514,0.0,26.92,0,0.684,8.18,20.6,8.23,6,663,20.9,248.86,7.05,50.0
4.288,12.5,16.03,1,0.706,4.78,61.4,7.08,7,473,17.3,105.8,26.06,34.83
4.323,40.0,20.02,1,0.77,5.53,71.6,7.93,24,606,18.6,160.85,30.19,29.26
4.328,12.5,22.92,0,0.819,8.5,63.8,1.65,2,600,16.2,97.58,29.84,42.53
5.373,0.0,2.98,1,0.718,5.08,69.5,4.95,7,396,16.0,317.41,20.54,43.22
1.358,12.5,10.34,0,0.519,5.13,37.6,9.24,5,388,14.7,115.3,6.45,50.0
2.365,25.0,24.51,0,0.524,6.64,48.8,4.32,2,486,13.8,248.25,12.11,50.0
5.874,40.0,2.51,0,0.44,8.35,28.8,6.65,3,437,18.6,114.42,22.71,50.0
3.11,0.0,7.34,0,0.538,7.06,62.9,7.08,8,563,19.6,226.2,5.38,50.0
6.219,80.0,9.03,0,0.508,8.71,65.8,10.16,4,464,16.8,225.77,34.94,50.0
6.114,80.0,22.44,0,0.507,7.5,99.8,1.3,24,273,13.4,160.55,12.09,50.0
6.303,95.0,17.78,1,0.84,5.34,75.0,12.36,2,455,18.3,5.26,16.57,48.35
5.945,0.0,10.7,1,0.499,6.03,32.3,2.18,3,245,17.2,194.91,36.36,37.33
4.111,0.0,11.97,0,0.595,5.55,2.9,2.24,3,506,12.0,288.6,8.07,50.0
4.925,25.0,21.06,0,0.826,6.2,56.7,10.33,24,605,19.9,381.91,19.92,35.46
5.525,0.0,2.12,1,0.815,5.12,70.8,7.3,3,560,12.4,183.4,15.62,42.77
1.481,80.0,14.14,0,0.46,8.46,65.4,4.29,5,456,13.4,155.69,24.74,50.0
3.353,12.5,19.55,1,0.413,8.7,58.7,2.95,6,459,16.6,128.46,18.41,50.0
5.969,80.0,19.46,0,0.671,3.94,32.8,6.5,8,393,15.9,172.47,18.35,38.09
7.173,40.0,16.34,0,0.738,6.48,33.0,9.88,4,237,21.8,135.34,30.91,43.15
3.98,95.0,10.1,1,0.683,8.62,43.7,1.17,7,396,15.6,268.51,34.57,50.0
4.148,40.0,23.32,0,0.423,4.24,30.5,5.48,3,568,15.1,260.13,34.85,30.58
3.649,0.0,23.57,0,0.665,4.1,36.2,10.04,4,509,16.1,95.42,6.83,44.6
1.636,80.0,21.12,0,0.399,6.04,89.7,11.59,6,510,16.6,88.71,33.39,49.59
2.415,40.0,20.14,0,0.542,4.65,94.4,11.79,24,477,16.2,314.79,32.29,36.17
5.43,40.0,21.37,0,0.797,6.74,64.2,3.01,5,618,15.3,64.34,30.1,31.29
9.202,0.0,4.34,0,0.706,5.5,5.7,1.01,24,448,19.6,135.93,27.44,23.04
5.369,60.0,15.73,0,0.61,5.4,84.0,7.25,2,386,18.8,241.42,18.84,44.51
2.459,25.0,11.77,0,0.444,5.97,18.4,4.12,24,542,13.4,157.92,10.1,50.0
3.186,0.0,14.73,1,0.638,4.74,16.1,3.06,7,537,22.0,354.47,7.98,44.89
2.418,25.0,3.27,0,0.616,7.82,80.9,1.56,4,387,21.9,292.91,26.06,50.0
3.317,25.0,8.1,0,0.502,7.06,86.8,1.62,3,196,18.3,364.37,4.22,50.0
5.925,0.0,20.24,0,0.395,5.0,42.7,9.34,7,690,21.4,310.82,17.83,33.16
2.483,80.0,10.69,0,0.551,5.45,88.8,3.39,24,293,18.1,319.87,26.74,48.84
4.798,0.0,3.41,0,0.448,6.92,58.3,5.27,4,230,17.4,290.37,6.01,50.0
1.824,0.0,6.06,0,0.533,7.07,32.9,9.59,1,655,12.2,149.44,1.64,50.0
7.975,0.0,10.91,0,0.731,5.4,99.9,9.58,5,493,20.1,189.52,6.82,45.78
5.185,60.0,26.4,0,0.74,5.07,15.3,9.02,8,435,12.5,231.45,2.99,50.0
2.149,0.0,9.81,0,0.457,7.5,77.9,5.15,4,644,16.6,44.32,14.85,50.0
5.023,95.0,16.77,0,0.67,8.25,72.4,11.97,5,546,21.5,152.45,27.83,48.53
2.045,25.0,8.97,1,0.702,5.27,31.3,3.89,6,327,14.4,231.86,2.12,50.0
4.055,25.0,24.07,1,0.623,5.63,27.1,11.24,2,694,17.9,302.47,23.17,36.95
7.358,25.0,10.65,0,0.747,6.88,75.8,5.87,3,531,21.0,294.86,34.58,23.06
2.994,25.0,18.48,1,0.617,7.36,83.2,6.7,5,613,12.4,98.51,16.3,50.0
3.075,80.0,16.36,0,0.773,7.53,39.8,4.08,8,511,20.4,193.61,11.68,50.0
5.096,12.5,23.97,1,0.62,8.3,35.2,2.04,6,233,16.2,351.06,20.28,50.0
4.883,80.0,3.46,0,0.559,5.88,42.8,10.89,7,488,21.8,224.52,16.56,50.0
3.303,60.0,17.76,0,0.659,5.65,13.7,5.75,2,404,14.1,132.65,37.41,35.72
3.444,40.0,25.64,0,0.563,6.83,8.6,2.48,3,619,21.0,179.02,28.35,41.36
3.012,60.0,16.15,0,0.638,6.66,83.1,8.22,7,382,12.9,168.63,9.31,50.0
1.918,0.0,7.52,0,0.57,8.18,98.9,3.07,6,260,16.2,52.85,1.16,50.0
4.751,60.0,16.33,0,0.434,5.75,97.4,9.66,2,694,20.6,96.73,37.86,28.77
6.491,40.0,18.52,0,0.778,3.82,79.2,3.0,1,603,13.9,165.58,8.63,35.52
4.65,40.0,11.07,0,0.461,6.84,32.3,1.75,5,188,20.4,281.77,9.03,50.0
3.341,0.0,6.39,0,0.531,6.42,71.5,4.5,7,391,19.5,128.94,26.29,41.21
4.478,60.0,2.68,0,0.386,5.01,97.6,1.04,7,517,17.1,390.93,36.76,28.17
4.38,12.5,25.3,0,0.728,4.27,93.2,6.78,2,657,16.8,239.29,30.95,17.07
4.535,60.0,11.12,1,0.699,8.49,31.8,3.01,2,432,13.6,377.71,13.08,50.0
3.758,12.5,5.93,1,0.679,7.39,67.4,7.91,1,410,16.9,86.81,24.42,50.0
3.232,12.5,4.69,0,0.742,4.43,69.5,11.96,6,604,16.5,38.95,24.36,33.06
7.004,12.5,1.97,1,0.626,6.58,46.7,1.77,7,517,13.5,337.05,24.04,44.57
3.092,95.0,10.1,0,0.629,8.3,91.1,11.43,2,515,13.2,233.02,17.34,50.0
5.049,12.5,11.3,0,0.58,5.56,42.6,4.98,24,350,21.6,279.08,30.78,35.31
7.639,40.0,18.23,0,0.816,8.58,57.1,7.46,5,483,13.9,338.34,31.13,45.47
8.635,80.0,23.01,1,0.803,4.18,88.4,11.56,24,627,15.4,134.92,29.75,28.25
5.586,0.0,19.33,0,0.733,7.52,52.5,2.63,4,553,21.6,300.37,28.99,29.35
4.803,0.0,16.14,0,0.423,6.99,5.0,5.4,24,515,18.7,162.63,27.1,40.98
3.384,80.0,4.17,0,0.394,8.09,23.9,8.29,4,282,21.4,62.69,29.06,50.0
3.093,80.0,12.07,0,0.597,8.52,21.5,6.1,5,436,17.0,391.71,14.89,50.0
6.36,0.0,16.14,0,0.55,7.1,33.9,10.26,4,597,16.9,13.48,10.64,50.0
8.502,12.5,2.55,0,0.736,3.83,94.7,12.44,5,615,20.9,259.49,19.32,22.77
7.532,0.0,20.89,1,0.642,4.09,17.8,3.44,2,319,21.7,317.84,16.63,32.24
5.346,25.0,27.08,0,0.716,6.62,52.5,4.52,2,480,15.9,330.21,23.51,44.98
7.716,0.0,1.19,0,0.853,8.43,46.2,6.97,6,443,15.9,364.23,27.24,46.89
8.802,25.0,7.09,1,0.749,4.96,58.2,12.15,24,462,13.0,42.59,20.65,40.18
1.81,0.0,14.64,0,0.434,8.6,36.3,2.45,24,439,18.5,281.69,14.26,50.0
6.226,0.0,5.8,0,0.675,8.1,3.4,4.38,5,244,20.3,124.43,17.59,50.0
6.078,0.0,20.17,0,0.753,4.5,56.7,9.16,7,659,15.9,170.75,37.77,10.19
5.129,95.0,16.09,0,0.819,7.99,89.6,9.98,5,197,18.5,223.92,31.27,50.0
1.342,80.0,8.24,0,0.39,4.3,21.3,3.75,4,638,19.1,71.59,28.83,31.72
5.449,0.0,13.24,0,0.837,6.6,56.0,2.35,4,287,12.8,186.5,16.35,50.0
0.783,60.0,23.24,1,0.415,4.48,71.0,11.05,24,318,19.6,347.12,3.19,50.0
3.331,80.0,9.13,1,0.512,5.59,63.2,11.44,4,193,14.1,5.14,17.2,50.0
5.834,0.0,7.69,1,0.705,4.67,33.7,9.63,8,245,13.9,160.7,22.32,49.03
1.956,40.0,3.06,0,0.535,6.06,77.0,5.09,5,484,18.8,376.71,20.17,50.0
8.17,0.0,19.95,0,0.727,7.88,37.8,2.2,2,294,15.1,171.77,34.05,41.08
5.083,40.0,2.51,1,0.59,7.48,50.5,1.43,6,241,18.6,298.03,32.32,50.0
3.102,95.0,5.96,0,0.866,8.1,23.9,5.99,1,361,19.6,127.02,36.26,50.0
2.946,25.0,20.66,0,0.565,7.24,85.7,9.94,3,430,15.0,385.62,14.3,50.0
5.02,0.0,9.65,0,0.803,8.17,72.8,10.81,3,592,13.9,215.88,31.48,39.96
4.604,25.0,27.37,0,0.607,5.69,67.2,9.6,7,344,19.2,273.08,34.64,38.22
6.423,25.0,13.5,0,0.847,8.79,64.0,1.28,24,532,18.5,110.78,21.73,50.0
6.621,0.0,11.66,0,0.66,8.14,92.0,10.16,3,363,19.2,377.62,4.34,50.0
4.779,12.5,4.27,0,0.805,7.62,85.8,3.13,4,436,20.7,37.62,19.57,44.71
3.74,0.0,23.27,0,0.536,8.29,89.0,11.54,2,447,19.7,20.31,9.59,50.0
5.014,0.0,14.14,1,0.613,5.43,31.7,8.04,5,637,17.8,299.66,36.2,22.22
6.626,95.0,16.27,1,0.701,4.26,16.5,9.5,6,241,17.2,68.51,20.98,47.49
5.53,25.0,26.43,0,0.526,5.73,69.2,7.02,24,359,14.1,228.86,32.49,36.85
3.885,25.0,11.17,0,0.573,4.19,21.8,1.19,24,480,15.9,40.93,6.83,50.0
2.645,95.0,21.28,0,0.843,7.3,41.7,8.0,24,470,19.8,264.93,11.41,50.0
8.905,12.5,7.36,0,0.801,7.2,24.4,2.09,2,577,16.1,305.06,16.97,45.53
4.963,95.0,7.9,0,0.53,5.25,2.3,8.31,8,567,13.5,355.25,14.02,50.0
2.802,0.0,14.31,1,0.419,5.71,98.3,5.77,1,241,13.8,154.58,1.23,50.0
4.56,0.0,12.44,0,0.478,7.95,63.2,11.45,7,317,21.0,110.12,36.68,47.2
4.359,95.0,15.2,0,0.864,8.17,23.6,10.52,2,620,15.5,347.23,34.71,49.6
2.404,95.0,15.95,0,0.51,5.07,83.9,6.3,2,195,18.9,300.04,23.81,50.0
3.744,0.0,27.24,0,0.792,5.97,11.2,7.22,4,407,18.6,308.08,19.49,43.67
5.893,40.0,10.13,0,0.464,8.4,86.9,8.99,5,362,13.6,325.73,7.66,50.0
5.25,0.0,10.13,0,0.403,6.73,99.9,5.07,2,631,20.7,217.32,5.45,50.0
5.493,60.0,4.99,0,0.797,7.6,48.8,3.62,3,465,19.5,238.2,9.57,50.0
7.009,12.5,22.6,0,0.559,7.51,18.5,3.88,7,335,19.9,95.14,9.52,50.0
1.876,12.5,13.51,1,0.554,4.85,59.2,4.06,24,544,19.4,7.6,9.32,48.75
7.23,25.0,22.67,0,0.653,7.08,83.3,7.79,1,707,15.2,8.08,37.06,25.97
3.255,95.0,23.58,0,0.544,3.94,32.9,7.41,4,657,16.9,41.58,23.73,33.88
4.074,80.0,15.95,0,0.658,7.26,48.2,6.57,5,190,12.3,281.81,14.19,50.0
2.567,25.0,25.21,1,0.541,8.47,75.9,6.51,5,567,16.0,375.32,17.37,50.0
3.9,0.0,21.22,1,0.509,4.54,56.7,7.25,4,626,17.2,83.63,24.66,36.05
2.422,95.0,18.82,0,0.382,4.88,26.2,5.2,7,198,13.4,241.2,27.22,50.0
3.27,0.0,19.13,1,0.585,5.25,56.8,1.59,2,617,14.0,186.5,3.57,50.0
3.735,95.0,2.31,0,0.5,5.73,28.2,8.01,24,415,19.6,87.4,8.74,50.0
6.15,12.5,16.68,0,0.743,8.21,40.9,7.0,24,534,13.9,238.17,21.68,50.0
5.853,0.0,3.01,0,0.684,6.81,83.9,4.5,6,458,19.3,80.06,33.17,30.58
4.734,25.0,21.04,0,0.662,5.89,54.3,7.94,6,578,21.8,133.51,18.73,39.88
8.385,0.0,21.55,0,0.705,7.67,26.6,4.95,4,591,17.4,336.94,22.48,41.09
8.298,0.0,8.42,0,0.726,6.28,88.6,5.94,5,399,12.3,339.54,34.74,33.98
2.234,95.0,18.33,1,0.704,7.81,68.4,5.88,2,576,15.2,183.6,9.57,50.0
5.657,0.0,1.37,0,0.595,6.58,72.0,6.17,2,328,15.9,321.18,26.69,41.11
7.141,0.0,23.21,0,0.461,6.25,57.1,8.38,24,701,15.7,257.4,10.56,48.82
4.196,60.0,1.2,0,0.429,7.28,68.4,7.44,6,556,13.9,283.09,3.28,50.0
4.766,60.0,5.99,0,0.561,5.82,50.4,6.67,2,625,19.5,331.26,10.44,50.0
1.657,25.0,20.74,0,0.382,7.53,28.6,10.02,6,600,12.5,94.64,32.87,50.0
4.398,25.0,26.66,0,0.598,8.76,49.7,7.72,24,345,13.8,222.98,25.48,50.0
6.473,0.0,12.74,0,0.744,5.09,59.7,6.58,3,563,13.1,338.44,35.03,19.3
2.924,60.0,11.51,0,0.866,6.03,94.1,6.85,8,429,21.5,192.22,3.48,50.0
2.455,12.5,26.8,0,0.554,7.37,7.4,5.95,8,650,13.2,128.52,27.44,49.74
4.557,80.0,8.32,0,0.723,5.09,96.4,2.81,7,240,12.5,47.99,34.31,37.32
3.675,80.0,13.05,0,0.615,8.8,44.9,12.39,8,659,13.0,170.66,28.43,50.0
3.879,25.0,5.32,1,0.457,7.4,91.8,8.91,4,704,17.5,39.96,34.61,39.91
3.131,0.0,23.4,1,0.397,7.49,32.6,11.93,7,417,17.7,126.44,12.43,50.0
6.667,0.0,9.56,0,0.785,5.72,47.8,11.25,3,225,18.8,172.98,1.79,50.0
6.24,40.0,1.39,0,0.573,4.12,27.2,9.07,8,411,12.9,53.61,30.34,36.19
5.579,60.0,10.86,1,0.579,5.41,66.3,4.73,3,464,13.6,385.64,5.22,50.0
2.923,25.0,6.47,0,0.724,8.53,51.1,5.99,2,657,17.5,4.77,21.5,50.0
3.298,95.0,1.36,0,0.602,4.73,23.9,9.92,8,574,15.0,131.87,14.77,50.0
7.514,0.0,12.39,0,0.706,8.71,2.8,12.09,3,562,12.4,158.16,19.23,50.0
6.129,0.0,21.36,0,0.835,6.73,84.1,12.12,24,624,18.6,370.22,12.76,41.56
5.757,60.0,7.16,1,0.392,5.71,20.3,8.65,2,554,12.9,317.65,36.2,41.35
6.902,40.0,2.54,0,0.613,6.4,59.6,3.51,3,645,20.0,106.02,33.13,24.88
7.387,0.0,18.56,1,0.587,4.6,21.3,4.09,2,586,14.8,149.52,12.83,42.97
1.459,60.0,21.29,0,0.454,4.51,85.0,10.09,8,220,19.4,202.44,37.27,36.59
5.481,0.0,5.03,1,0.415,6.59,28.7,9.91,24,437,14.5,304.84,36.09,46.39
5.921,0.0,22.36,1,0.633,6.24,92.7,3.87,1,713,20.5,128.45,21.05,36.03
6.25,40.0,23.52,0,0.648,5.14,20.9,4.25,1,528,21.9,219.43,28.42,29.93
2.447,40.0,10.67,0,0.547,7.01,72.6,8.56,1,368,21.6,308.75,37.99,42.34
3.36,25.0,11.79,0,0.851,4.18,91.4,11.12,7,638,20.3,307.91,6.33,40.0
1.971,40.0,15.78,0,0.574,4.59,46.8,10.3,24,449,17.8,273.96,12.88,48.6
6.183,0.0,23.77,0,0.38,4.92,73.0,3.99,7,558,16.2,272.61,19.33,33.97
6.337,60.0,11.05,1,0.797,8.4,63.9,3.43,5,533,20.5,120.34,35.3,41.99
1.974,25.0,18.03,1,0.513,4.0,39.8,11.07,6,374,19.9,51.67,5.7,50.0
3.226,0.0,27.32,1,0.569,4.27,20.3,2.14,4,552,20.1,370.08,14.43,38.81
4.952,0.0,14.11,0,0.717,8.08,21.6,3.82,1,710,14.2,107.68,31.18,35.57
4.621,80.0,14.4,0,0.657,8.44,14.2,2.98,7,572,15.7,243.39,7.58,50.0
3.487,0.0,26.2,1,0.717,4.49,42.6,3.71,3,661,15.4,359.5,5.54,46.93
6.634,40.0,26.56,1,0.789,7.91,78.3,1.38,3,706,12.2,341.69,19.39,45.43
5.25,0.0,15.73,0,0.805,3.89,75.4,8.6,5,453,16.5,308.37,25.68,28.37
6.285,25.0,19.31,0,0.395,4.88,95.1,9.46,2,621,20.4,297.05,36.75,21.6
5.61,60.0,11.89,1,0.85,5.09,49.2,8.3,1,279,12.8,346.29,11.93,50.0
8.466,12.5,20.53,0,0.573,7.76,65.0,6.14,8,534,18.4,74.77,35.53,31.03
5.494,40.0,6.22,0,0.841,4.45,27.8,5.14,8,668,16.5,72.02,17.88,31.33
6.298,0.0,4.95,0,0.703,6.41,88.0,3.15,2,468,17.3,171.45,2.29,50.0
7.039,12.5,16.23,1,0.729,6.47,55.1,6.81,5,360,20.1,6.28,28.68,38.46
1.062,95.0,7.16,0,0.599,6.17,88.3,7.63,4,361,17.3,95.79,24.87,50.0
6.541,40.0,8.88,0,0.798,7.36,71.0,6.45,5,601,19.5,176.66,17.73,41.01
2.55,95.0,21.76,0,0.732,7.53,9.7,3.59,6,477,19.8,130.19,30.05,50.0
6.404,0.0,19.73,0,0.747,4.66,95.4,4.82,1,269,18.2,182.82,19.29,32.25
7.543,12.5,14.14,1,0.813,5.57,77.0,7.47,8,655,17.7,281.01,21.5,33.45
2.517,0.0,1.05,0,0.391,3.95,74.8,3.05,7,606,18.0,156.82,12.83,36.66
4.094,40.0,3.41,0,0.657,5.79,11.6,9.02,1,703,12.1,283.06,24.35,43.3
7.277,0.0,7.87,0,0.617,7.17,64.8,11.08,7,613,15.5,261.65,23.91,40.28
5.31,0.0,26.15,0,0.436,4.42,47.5,9.54,2,364,18.5,343.18,10.47,46.96
6.552,12.5,26.0,1,0.563,6.04,49.4,6.11,5,313,15.9,330.61,13.39,50.0
5.809,12.5,18.47,0,0.527,7.04,44.9,2.06,1,661,21.1,29.77,34.13,30.85
5.482,0.0,26.3,1,0.422,7.1,58.5,1.41,5,583,15.9,281.0,16.26,50.0
7.273,25.0,13.31,0,0.605,7.55,18.7,9.83,6,579,16.2,260.54,10.06,50.0
4.554,0.0,9.9,0,0.57,8.74,91.9,5.27,3,551,15.3,176.81,28.23,47.64
7.808,0.0,13.31,0,0.746,7.11,19.2,8.92,5,652,20.4,106.38,27.86,35.03
6.331,0.0,5.45,1,0.423,6.85,64.6,7.99,7,422,13.1,227.47,7.51,50.0
1.552,60.0,19.35,0,0.489,8.14,5.7,4.66,6,582,20.9,159.12,37.96,44.34
7.657,60.0,4.42,0,0.768,4.07,68.5,5.47,1,636,17.1,345.35,36.71,14.32
4.868,0.0,24.02,0,0.424,7.5,37.7,10.93,4,667,19.5,394.36,24.35,45.42
6.429,0.0,13.53,0,0.755,6.78,58.9,7.26,8,651,16.7,24.29,14.34,44.12
9.167,0.0,13.3,0,0.72,8.4,39.6,9.8,2,513,14.9,217.94,37.04,33.71
3.245,0.0,15.99,0,0.76,7.93,22.8,2.48,24,379,16.7,103.92,1.73,50.0
0.023,95.0,23.3,0,0.417,6.3,10.2,2.56,2,718,14.7,277.98,24.91,50.0
5.779,60.0,20.83,1,0.594,8.74,37.7,7.42,3,338,14.2,146.3,33.67,50.0
4.62,80.0,18.54,1,0.476,7.72,16.8,2.7,3,408,20.0,141.62,6.32,50.0
2.434,80.0,3.3,0,0.552,8.33,65.6,4.45,3,600,17.3,122.96,28.29,50.0
7.8,40.0,9.17,1,0.715,8.28,26.0,9.72,2,541,19.3,19.56,21.21,50.0
5.934,60.0,20.48,0,0.748,7.54,35.2,2.28,1,507,17.3,43.21,21.79,50.0
4.782,60.0,13.64,1,0.774,5.1,51.0,1.91,4,637,17.3,306.39,21.28,32.77
3.321,60.0,21.72,0,0.57,5.45,93.7,3.69,8,633,14.8,227.85,37.04,27.73
8.37,0.0,4.72,1,0.831,4.65,13.2,11.64,6,180,13.8,192.47,8.65,50.0
3.485,25.0,27.15,0,0.538,4.62,60.8,1.1,1,438,16.7,298.29,1.98,50.0
2.839,60.0,4.92,0,0.512,8.55,49.7,3.72,7,566,12.2,211.4,28.43,50.0
5.309,95.0,3.01,0,0.617,7.4,40.1,5.2,8,719,15.5,178.76,12.08,50.0
3.942,40.0,24.89,0,0.602,5.02,80.4,8.04,5,448,14.6,314.6,23.23,45.72
2.347,12.5,23.29,0,0.469,6.19,48.8,6.56,4,629,18.4,31.5,9.22,50.0
6.704,40.0,10.85,0,0.765,8.39,10.0,7.31,24,660,15.3,195.58,33.21,45.09
4.198,0.0,20.22,0,0.693,3.94,7.9,7.78,6,473,15.5,44.97,9.51,42.47
4.112,0.0,9.21,0,0.66,5.19,92.7,4.34,3,660,13.0,53.47,23.57,34.64
5.151,0.0,21.42,1,0.545,4.81,88.0,3.24,6,663,15.1,359.93,22.66,32.47
6.215,0.0,14.1,0,0.671,8.38,53.5,7.44,6,661,17.0,341.16,6.41,50.0
5.087,12.5,13.06,1,0.501,6.74,47.9,3.52,24,433,20.7,335.6,16.24,50.0
2.951,80.0,14.09,0,0.836,8.68,79.5,9.67,5,464,22.0,262.65,17.42,50.0
4.749,0.0,19.03,0,0.835,6.86,71.6,8.93,3,594,15.6,178.06,6.86,50.0
8.636,40.0,17.27,0,0.742,5.93,13.9,6.28,6,388,17.8,333.46,36.42,27.82
4.575,25.0,22.14,0,0.651,7.38,59.9,10.73,24,651,18.7,389.84,25.84,43.13
2.056,40.0,21.15,0,0.559,7.51,35.2,8.21,3,627,17.2,345.47,35.99,42.13
8.057,0.0,9.93,0,0.798,5.84,42.7,3.09,3,289,15.2,217.31,21.45,42.07
1.468,0.0,13.55,0,0.49,6.65,81.8,9.87,2,475,21.8,287.77,7.31,50.0
5.256,80.0,7.02,1,0.717,6.63,83.2,7.09,24,400,12.3,221.97,26.29,50.0
6.436,60.0,21.52,0,0.587,4.61,54.5,5.89,7,227,21.3,188.45,14.74,47.38
3.274,80.0,21.69,0,0.522,7.85,33.2,9.57,8,672,21.0,51.93,37.16,39.63
1.632,95.0,18.08,0,0.393,6.5,33.4,4.74,8,334,14.1,192.27,11.8,50.0
3.7,0.0,1.75,0,0.455,8.51,3.6,4.29,6,240,19.9,291.78,35.64,50.0
1.369,60.0,10.73,0,0.59,7.2,13.2,4.95,6,571,21.7,35.46,24.97,47.26
8.389,40.0,1.72,0,0.807,5.36,56.1,1.39,24,321,13.3,189.54,16.03,44.39
5.221,0.0,25.53,1,0.532,7.75,63.1,4.82,6,698,21.5,365.27,9.33,50.0
0.992,12.5,11.39,1,0.449,4.62,37.6,9.87,2,676,12.4,289.56,9.72,50.0
0.697,25.0,24.02,0,0.508,7.03,87.5,8.04,7,591,19.0,266.4,2.3,50.0
2.962,40.0,6.22,0,0.514,8.66,90.4,7.33,24,607,17.0,65.77,12.7,50.0
2.255,60.0,3.46,1,0.405,6.7,94.6,3.42,8,194,21.5,198.88,5.28,50.0
0.267,95.0,25.1,0,0.489,3.89,86.1,7.27,7,291,18.8,218.1,14.5,50.0
6.155,25.0,25.54,1,0.868,5.65,24.7,2.78,6,404,16.2,50.5,15.89,44.6
8.092,0.0,21.74,0,0.835,7.76,64.6,11.83,8,466,15.6,220.43,24.34,46.11
6.972,80.0,3.73,0,0.699,4.25,35.0,6.7,7,217,20.9,68.46,35.7,25.72
4.617,25.0,12.59,1,0.543,8.04,27.7,2.21,3,620,14.6,384.42,26.24,50.0
3.541,60.0,20.44,0,0.737,5.65,10.5,8.74,2,404,21.3,324.59,21.64,45.23
4.632,60.0,4.15,0,0.777,7.84,45.5,7.83,6,348,15.1,68.91,18.58,50.0
0.84,80.0,8.1,0,0.532,5.11,76.8,4.11,3,625,18.9,75.54,8.08,50.0
0.436,60.0,2.83,0,0.45,8.52,72.5,10.56,4,441,21.4,342.56,14.32,50.0
3.06,40.0,7.88,0,0.807,6.94,77.7,10.96,6,186,15.7,358.25,19.62,50.0
3.599,95.0,25.41,0,0.595,6.15,16.8,3.16,5,213,18.9,73.16,23.88,50.0
6.525,12.5,4.59,1,0.458,5.04,17.2,5.71,8,637,21.2,170.49,11.78,41.24
4.346,95.0,21.92,0,0.665,8.02,76.7,7.18,8,648,19.5,231.62,6.59,50.0
7.21,12.5,21.76,0,0.584,5.53,88.7,2.81,7,598,17.0,281.53,23.33,33.5
4.312,40.0,6.71,1,0.82,7.03,22.5,3.15,4,257,16.0,357.98,27.32,49.07
4.59,80.0,16.62,0,0.499,4.01,22.3,8.83,4,373,14.0,259.65,30.43,42.83
3.84,0.0,14.33,0,0.575,5.2,82.1,2.81,7,318,17.4,344.79,33.24,31.3
6.558,40.0,26.29,0,0.434,5.18,88.8,11.28,8,276,15.6,97.67,30.94,42.7
6.195,0.0,1.08,1,0.76,3.86,43.2,3.11,7,541,12.6,157.64,36.17,20.75
8.823,0.0,22.36,0,0.803,6.27,64.6,2.52,6,287,18.4,218.4,26.76,35.99
7.621,0.0,25.95,0,0.545,8.58,14.3,1.69,5,213,12.8,343.89,32.24,50.0
2.894,0.0,11.16,0,0.398,8.79,48.8,5.07,7,585,16.2,148.51,37.28,47.58
1.189,60.0,15.54,0,0.436,4.01,95.5,6.42,4,235,17.3,386.45,4.06,50.0
2.893,0.0,5.77,0,0.675,8.57,4.6,1.6,7,361,16.0,15.7,1.27,50.0
3.795,25.0,13.8,0,0.817,6.04,53.3,7.14,24,355,12.6,66.77,9.45,50.0
5.602,0.0,4.62,0,0.465,6.67,67.7,3.01,6,442,12.4,117.77,25.82,46.72
3.417,25.0,13.71,0,0.523,7.0,51.6,5.62,5,549,18.0,180.4,2.93,50.0
8.103,0.0,20.38,0,0.749,4.88,42.3,7.88,24,427,16.8,139.07,37.19,19.98
2.944,25.0,22.95,0,0.647,6.5,37.4,1.16,8,655,21.7,244.92,3.01,50.0
5.822,0.0,3.06,0,0.769,7.63,99.2,9.13,1,469,13.9,93.86,30.83,41.11
1.576,60.0,7.65,0,0.404,5.36,5.0,11.2,4,393,15.3,2.83,35.63,43.95
5.127,60.0,1.97,0,0.418,5.74,29.1,9.75,7,412,14.3,150.48,11.83,50.0
5.875,12.5,3.35,0,0.613,7.26,13.9,10.13,5,504,16.7,293.1,2.71,50.0
3.631,40.0,1.28,0,0.673,7.35,2.6,10.55,6,602,19.7,316.7,9.61,50.0
5.972,12.5,10.35,0,0.423,7.8,25.4,3.09,2,425,18.5,11.17,27.07,50.0
2.53,60.0,13.43,0,0.407,5.87,74.8,1.25,5,351,21.7,145.4,17.49,49.24
4.393,25.0,16.16,0,0.611,6.29,20.8,2.48,8,685,18.9,268.98,13.87,41.18
0.721,95.0,13.04,0,0.577,7.44,86.5,2.13,2,504,20.7,44.98,3.47,50.0
8.709,0.0,8.4,0,0.867,8.23,96.7,6.06,2,388,16.4,366.37,18.39,50.0
4.41,0.0,15.98,0,0.714,5.81,33.5,11.4,6,234,17.4,188.76,31.13,37.24
6.985,0.0,18.04,0,0.837,5.82,90.8,6.31,7,286,14.1,348.02,5.19,50.0
3.399,95.0,6.48,0,0.706,6.41,83.2,2.01,3,210,21.4,382.93,18.39,50.0
4.556,60.0,7.51,0,0.411,4.12,77.9,8.47,6,477,20.6,310.04,27.74,35.53
2.847,95.0,22.64,0,0.797,4.18,43.3,4.22,5,356,15.0,262.27,37.51,26.3
3.795,80.0,9.06,0,0.703,8.51,16.2,11.46,24,329,13.3,377.98,3.31,50.0
3.756,25.0,3.91,0,0.77,5.91,52.1,5.6,4,710,20.1,373.64,30.93,26.07
7.218,0.0,6.93,1,0.572,4.53,84.9,6.7,7,443,15.2,302.14,9.64,48.51
6.676,25.0,16.17,0,0.385,3.97,33.7,10.45,2,278,18.9,84.62,37.27,24.94
4.689,12.5,17.83,0,0.694,7.51,79.4,8.28,1,688,17.4,336.5,2.68,50.0
6.27,40.0,12.73,1,0.406,6.59,77.1,3.62,1,460,13.1,267.38,24.46,50.0
3.958,80.0,8.77,1,0.498,5.14,23.8,12.34,8,434,16.3,239.32,2.27,50.0
5.515,40.0,4.72,0,0.79,4.18,81.2,9.08,6,229,14.5,1.63,21.85,37.14
8.473,0.0,14.5,1,0.653,7.28,28.3,1.21,6,353,17.6,130.0,30.15,37.08
5.588,40.0,13.54,0,0.626,6.45,45.8,2.76,7,697,12.5,375.6,28.42,37.46
9.118,0.0,8.28,1,0.841,4.27,60.5,10.91,1,570,13.8,193.67,24.9,21.5
3.152,95.0,27.42,0,0.573,7.8,10.7,2.41,2,651,21.4,131.86,6.16,50.0
2.654,0.0,6.16,0,0.471,5.75,50.8,4.98,4,711,20.5,374.23,34.0,22.46
4.405,80.0,19.38,0,0.425,5.2,19.1,8.51,8,373,13.4,125.24,19.2,50.0
3.418,0.0,25.02,0,0.711,5.35,16.8,8.01,3,215,16.4,94.64,18.8,50.0
5.518,80.0,2.27,0,0.45,4.05,86.2,4.79,3,517,14.3,345.26,24.72,39.19
2.243,40.0,10.19,1,0.622,7.8,71.2,3.57,5,366,16.9,182.71,13.88,50.0
2.437,0.0,11.9,0,0.443,4.54,25.5,2.19,2,425,18.6,20.13,2.09,50.0
3.404,0.0,5.31,0,0.578,6.68,95.6,10.57,5,286,13.7,55.34,27.98,50.0
4.623,0.0,15.56,0,0.637,5.41,71.0,10.26,1,491,14.1,329.81,4.88,50.0
4.729,40.0,15.67,1,0.85,4.83,62.6,2.42,2,614,20.2,293.95,7.87,36.91
7.32,0.0,17.17,0,0.599,5.66,63.2,1.86,8,488,14.7,237.57,21.69,34.17
4.531,0.0,5.83,0,0.862,5.99,74.6,3.66,2,278,14.2,82.9,3.26,50.0
5.388,0.0,8.77,0,0.533,3.96,85.9,11.15,1,195,15.2,92.33,14.17,48.75
4.865,0.0,23.56,0,0.65,4.31,14.2,6.88,24,363,17.6,296.1,20.15,39.79
8.126,0.0,20.19,0,0.621,6.76,56.2,2.91,6,707,16.9,140.54,18.19,35.99
2.579,25.0,3.21,0,0.486,3.97,77.6,5.39,7,685,12.6,353.31,26.83,32.89
3.756,0.0,3.2,0,0.732,7.28,99.9,12.38,6,525,19.4,10.15,10.06,50.0
1.145,12.5,7.4,0,0.493,6.26,9.6,6.36,4,677,17.7,258.83,2.02,50.0
5.71,0.0,24.24,0,0.521,8.4,52.7,1.52,3,278,15.9,328.68,17.6,50.0
2.669,60.0,15.59,1,0.499,5.6,79.4,4.69,7,516,20.3,228.43,23.42,48.36
7.897,60.0,22.29,1,0.686,4.4,4.4,6.18,3,215,18.2,189.2,31.07,31.95
3.955,12.5,8.97,0,0.385,8.69,11.7,7.95,7,449,14.8,172.82,36.2,50.0
6.134,95.0,21.55,1,0.509,8.78,5.3,4.62,1,550,21.0,386.48,35.09,50.0
5.478,60.0,13.58,0,0.385,7.74,6.8,9.39,8,503,18.0,236.85,9.98,50.0
5.816,12.5,24.38,0,0.529,3.97,74.3,7.2,7,670,12.2,28.64,10.43,43.31
3.666,40.0,8.85,0,0.383,4.05,5.9,4.38,1,479,19.1,101.16,14.28,43.91
4.229,12.5,8.48,1,0.552,5.61,3.9,12.43,24,325,20.6,157.3,5.98,50.0
5.814,12.5,14.82,1,0.675,7.49,10.7,6.83,3,289,19.9,152.43,7.54,50.0
7.351,0.0,10.44,0,0.675,5.34,12.7,11.81,8,252,19.8,101.89,24.38,39.75
5.161,80.0,23.63,1,0.81,7.89,83.6,2.17,1,414,19.8,62.04,10.16,50.0
7.864,0.0,4.88,0,0.852,4.3,52.0,11.59,5,568,17.9,112.27,29.16,18.38
5.365,0.0,7.28,0,0.421,7.12,24.3,6.85,2,270,20.6,315.6,32.97,43.54
8.232,25.0,21.22,0,0.763,6.09,72.3,12.26,2,452,21.2,118.81,20.62,42.12
5.892,0.0,24.5,0,0.568,8.05,86.7,3.93,7,420,20.8,315.76,6.72,50.0
2.791,95.0,13.85,0,0.696,6.18,25.9,5.57,8,608,20.0,338.83,18.39,48.71
3.476,40.0,7.2,0,0.552,6.61,85.8,6.23,7,309,20.5,226.89,12.34,50.0
4.906,60.0,19.24,1,0.749,7.26,10.0,2.39,4,553,13.6,332.84,5.67,50.0
3.394,12.5,3.56,1,0.804,6.28,93.0,1.18,6,610,19.5,177.61,22.28,34.57
4.468,60.0,20.31,0,0.77,7.47,65.9,10.48,7,676,12.5,120.27,11.27,50.0
5.602,0.0,7.84,0,0.774,8.03,47.9,11.64,3,553,22.0,297.62,26.8,45.16
5.867,25.0,17.18,0,0.694,7.72,69.8,11.1,6,649,20.1,52.46,15.41,50.0
7.524,25.0,25.71,0,0.555,7.46,71.5,8.53,7,599,14.1,328.66,26.52,40.96
6.67,40.0,1.21,0,0.846,7.7,69.2,2.85,8,313,17.3,280.52,29.66,43.99
1.785,95.0,24.28,1,0.409,7.39,58.9,4.14,3,616,20.2,9.07,16.16,50.0
5.307,0.0,21.77,0,0.761,5.98,87.8,4.04,3,472,14.0,143.03,3.1,50.0
7.84,0.0,12.17,0,0.614,8.15,47.8,7.04,3,464,16.9,166.73,11.65,50.0
4.539,60.0,5.71,1,0.665,3.91,84.0,6.41,3,531,18.1,136.64,4.67,47.48
3.655,80.0,14.81,1,0.686,4.51,7.2,8.7,1,716,12.6,85.63,32.45,35.12
5.111,0.0,4.32,1,0.527,4.69,98.7,7.6,3,465,18.2,38.76,1.14,50.0
3.848,40.0,25.01,0,0.438,7.27,58.1,4.46,5,220,14.5,393.3,21.07,50.0
9.183,0.0,7.61,0,0.669,4.28,10.0,2.67,4,416,17.6,359.56,37.31,14.4
6.939,60.0,27.06,1,0.697,5.07,23.3,11.9,5,373,17.6,82.48,18.82,50.0
6.854,25.0,24.44,0,0.569,6.17,49.0,4.52,24,512,12.5,96.7,31.2,39.85
4.48,80.0,21.84,0,0.868,6.68,81.8,5.61,6,227,21.5,130.98,8.32,50.0
7.741,0.0,8.0,0,0.711,7.31,26.1,6.36,7,652,19.6,193.46,33.75,30.3
6.102,95.0,15.87,0,0.802,4.2,18.8,7.06,7,633,13.7,193.53,10.51,42.74
6.223,0.0,1.9,0,0.597,7.32,86.0,2.9,7,570,15.1,331.35,11.42,50.0
5.309,0.0,18.47,0,0.449,5.23,27.9,9.1,1,651,20.1,224.95,5.98,46.24
2.455,12.5,12.82,0,0.587,5.99,92.5,4.35,7,407,20.0,126.15,3.92,50.0
3.811,0.0,18.37,0,0.812,7.4,52.1,5.25,8,410,21.5,36.37,9.1,50.0
6.523,0.0,27.15,1,0.515,4.75,90.7,6.19,7,208,20.0,396.47,1.25,50.0
0.87,80.0,6.25,0,0.496,6.78,81.5,8.58,2,185,13.0,349.72,11.71,50.0
3.348,95.0,17.15,0,0.83,4.6,73.1,11.31,1,180,16.2,82.84,15.11,50.0
5.753,60.0,25.52,0,0.464,7.05,85.8,12.22,5,435,15.4,286.51,31.88,46.42
4.2,95.0,19.7,0,0.867,3.96,31.7,1.6,6,428,21.2,280.9,22.17,34.03
6.159,60.0,2.07,0,0.616,6.8,20.7,11.22,5,686,22.0,240.9,16.43,45.34
3.008,95.0,23.25,0,0.564,5.38,36.3,10.63,3,363,15.1,343.28,29.01,50.0
1.614,95.0,11.71,0,0.762,7.6,35.1,3.97,2,710,13.6,308.46,5.05,50.0
6.087,0.0,10.83,0,0.853,3.91,9.4,6.74,6,542,21.1,16.69,7.3,33.49
5.799,40.0,24.46,0,0.513,5.25,90.4,11.42,5,320,18.2,366.88,29.33,39.94
8.841,0.0,14.81,0,0.723,8.04,8.4,10.42,4,628,18.7,261.13,37.24,30.03
4.299,25.0,24.2,1,0.401,4.51,8.2,9.34,24,299,14.9,346.93,35.3,40.18
3.378,95.0,2.62,0,0.402,6.47,90.4,3.53,6,663,13.5,369.87,23.05,50.0
5.069,60.0,20.4,0,0.533,4.41,47.0,1.96,1,209,20.0,171.63,3.97,50.0
4.386,0.0,19.68,0,0.383,6.04,48.4,3.88,24,470,21.7,143.91,17.16,45.34
1.559,80.0,13.52,0,0.592,6.24,69.4,7.95,3,361,17.5,92.3,22.69,50.0
4.411,0.0,3.49,0,0.602,4.68,37.6,6.58,4,380,16.2,328.93,34.73,29.68
3.655,95.0,18.8,0,0.464,7.65,35.8,7.72,5,473,18.9,249.27,29.61,50.0
4.946,95.0,1.29,0,0.709,4.63,76.0,10.17,1,401,16.1,294.89,32.81,31.88
3.606,80.0,22.74,0,0.768,8.05,87.7,2.94,1,587,19.2,181.65,9.38,50.0
7.416,40.0,24.39,0,0.536,5.76,90.1,9.66,7,603,13.5,227.24,33.41,32.11
5.089,60.0,25.44,0,0.569,8.73,15.0,5.14,7,705,16.9,367.58,30.95,45.78
5.532,25.0,10.21,0,0.57,5.14,62.0,7.43,8,389,20.2,359.6,32.9,26.51
7.265,95.0,25.2,0,0.817,7.57,98.3,8.36,7,578,15.2,116.24,11.63,50.0
5.686,12.5,26.28,0,0.516,4.11,70.8,4.6,7,181,19.1,241.8,32.55,32.39
3.33,60.0,7.95,0,0.61,6.92,2.5,4.25,1,502,19.5,326.03,3.13,50.0
6.154,95.0,16.08,0,0.796,5.93,38.1,12.47,1,228,15.2,250.28,2.85,50.0
4.409,95.0,25.55,0,0.829,5.44,49.3,11.38,24,180,17.4,71.42,12.38,50.0
1.805,95.0,9.29,0,0.598,5.52,23.9,1.15,3,549,12.7,334.27,34.24,38.32
7.169,25.0,13.14,0,0.772,6.56,48.5,9.75,6,193,19.2,48.46,37.39,37.62
1.525,95.0,17.65,0,0.631,5.59,11.1,4.33,3,202,21.7,371.63,1.12,50.0
4.685,25.0,20.34,0,0.413,5.94,61.2,10.64,4,337,16.7,277.89,6.38,50.0
2.956,25.0,12.6,1,0.79,4.82,57.6,2.73,6,362,20.5,239.22,14.89,43.03
3.783,60.0,22.4,1,0.42,5.31,81.7,2.42,8,390,18.1,117.91,4.2,50.0
7.567,0.0,15.82,1,0.571,5.24,20.6,4.42,7,538,18.8,77.38,25.34,35.6
5.51,25.0,10.57,1,0.65,4.39,5.1,7.25,6,291,21.2,151.41,9.61,50.0
3.505,95.0,12.59,1,0.81,7.71,25.5,8.75,1,311,14.0,111.6,30.99,50.0
0.668,95.0,14.68,0,0.431,6.65,2.4,2.67,1,337,17.0,102.6,1.9,50.0
4.587,95.0,25.26,1,0.59,5.32,5.9,6.75,3,578,12.4,63.58,12.64,50.0
5.999,60.0,5.97,0,0.555,8.65,49.6,7.09,24,718,21.8,58.44,8.03,50.0
4.443,0.0,3.02,0,0.524,6.3,63.8,6.37,2,716,18.9,157.24,4.86,50.0
2.689,60.0,23.17,1,0.606,8.47,69.2,6.81,2,613,17.4,227.81,1.42,50.0
5.199,60.0,23.55,0,0.809,4.6,59.6,4.58,3,558,13.7,266.71,14.97,36.1
4.726,95.0,21.46,1,0.672,4.58,30.0,8.66,8,633,12.1,48.94,21.63,43.16
9.212,0.0,17.18,0,0.814,5.09,91.0,12.34,24,225,21.4,316.86,11.05,40.5
7.286,25.0,11.74,0,0.644,8.39,46.9,9.47,3,576,12.6,39.67,3.6,50.0
4.493,60.0,19.49,1,0.526,5.4,64.7,11.17,8,490,14.2,9.64,19.45,50.0
7.001,12.5,12.52,0,0.832,7.01,34.8,11.6,4,629,13.1,166.01,33.44,33.77
3.368,25.0,27.31,0,0.543,8.57,49.7,11.93,2,420,18.3,174.48,27.43,50.0
3.587,0.0,23.2,0,0.57,4.49,49.1,7.93,5,432,14.0,44.14,37.11,25.09
2.206,0.0,10.0,1,0.58,4.47,53.7,10.49,8,713,14.7,363.36,10.36,43.86
7.667,80.0,12.62,1,0.856,4.49,60.8,9.03,24,504,20.4,136.11,5.63,47.73
5.594,25.0,4.54,0,0.655,5.91,46.5,8.02,1,654,13.6,390.02,16.54,41.08
5.51,0.0,3.17,0,0.431,6.38,45.0,11.63,4,596,18.7,208.62,37.59,33.42
0.533,95.0,18.49,1,0.448,5.59,88.4,5.87,24,611,13.9,163.63,16.94,50.0
4.423,60.0,10.57,0,0.694,4.06,91.6,3.31,2,492,20.3,230.05,16.19,34.94
1.841,0.0,17.98,0,0.406,4.19,82.5,5.74,5,579,18.4,14.44,30.58,27.25
1.366,0.0,15.8,0,0.383,6.79,44.1,5.09,6,496,15.4,123.43,27.65,46.55
0.848,95.0,23.97,1,0.444,7.48,50.1,4.43,3,184,21.1,124.94,31.39,50.0
5.672,95.0,15.91,1,0.716,7.92,7.5,9.9,4,341,13.1,393.67,14.82,50.0
2.728,0.0,1.74,1,0.409,6.46,67.4,9.64,2,300,20.1,36.99,25.75,50.0
5.059,40.0,1.41,0,0.58,4.68,97.9,12.43,5,431,15.1,228.34,12.34,49.27
2.797,60.0,18.69,0,0.41,5.4,20.9,6.74,8,449,12.8,395.3,1.55,50.0
6.668,40.0,5.69,1,0.548,6.8,90.2,6.68,6,371,12.6,287.21,25.9,50.0
7.607,95.0,20.42,0,0.754,4.05,86.5,5.59,5,416,12.2,261.5,24.21,35.72
5.725,80.0,12.87,0,0.525,7.67,24.3,9.92,3,496,15.5,181.2,16.86,50.0
5.93,25.0,24.21,0,0.525,8.08,48.3,6.23,5,582,19.2,362.57,18.79,50.0
1.34,95.0,6.2,0,0.43,7.78,42.2,8.22,2,202,12.3,227.15,21.68,50.0
5.361,95.0,4.96,0,0.412,6.98,14.9,2.48,3,613,15.6,138.38,23.36,49.23
2.526,0.0,8.17,0,0.381,7.02,48.0,7.59,2,550,19.7,329.05,28.51,46.54
3.062,40.0,24.59,0,0.851,7.05,99.4,3.56,4,451,14.8,284.47,18.29,50.0
4.298,60.0,23.54,0,0.415,7.47,59.9,8.02,5,424,15.2,178.53,28.73,50.0
2.12,40.0,17.22,1,0.483,7.25,83.6,2.79,3,255,18.4,315.2,7.75,50.0
3.666,95.0,2.63,0,0.509,6.28,56.3,7.71,8,646,12.5,23.12,32.66,45.24
7.148,0.0,17.74,0,0.569,4.89,45.5,3.06,5,387,13.3,132.85,6.66,50.0
1.288,95.0,1.92,1,0.4,6.37,99.9,9.54,4,631,18.0,205.24,19.3,50.0
8.915,12.5,17.25,1,0.79,4.78,57.4,2.25,24,487,15.6,106.25,33.06,20.39
7.293,12.5,27.01,0,0.602,7.39,57.7,7.06,7,330,19.4,7.09,16.52,50.0
2.21,40.0,4.98,0,0.599,7.8,83.5,12.43,2,549,18.4,291.55,8.14,50.0
0.12,80.0,16.0,0,0.415,7.13,64.8,10.4,6,572,20.8,244.59,16.65,50.0
6.364,40.0,17.52,0,0.435,3.9,4.0,1.5,8,614,15.1,242.43,21.83,33.95
5.146,80.0,2.02,0,0.552,6.98,94.3,3.61,1,611,13.9,243.72,1.1,50.0
1.246,60.0,27.13,0,0.464,6.58,64.1,11.43,3,689,14.9,334.41,15.24,50.0
3.03,95.0,18.76,1,0.535,4.24,75.2,5.0,5,391,17.4,53.18,25.28,43.63
9.196,12.5,20.29,0,0.802,5.3,66.1,4.08,2,564,18.6,125.25,26.11,23.37
4.965,60.0,5.25,0,0.708,6.56,2.6,7.61,3,684,16.5,263.87,32.22,38.91
7.738,60.0,14.75,0,0.697,4.09,68.0,11.3,3,537,12.9,360.34,30.24,24.17
7.145,95.0,12.23,0,0.869,6.18,58.7,4.15,6,604,16.3,361.9,23.91,38.64
4.186,60.0,22.0,0,0.733,4.07,28.5,4.13,1,263,12.0,73.57,25.2,40.41
9.158,25.0,12.96,1,0.794,8.03,84.1,5.54,8,377,19.3,233.36,18.63,48.5
7.246,0.0,9.61,1,0.635,6.87,79.6,10.22,3,427,14.4,242.89,11.99,50.0
7.251,0.0,3.67,1,0.692,8.12,84.1,10.63,6,405,20.5,356.16,9.13,50.0
6.521,12.5,21.45,0,0.461,6.78,95.2,9.16,2,607,13.5,80.33,35.58,34.27
3.25,40.0,23.93,1,0.435,8.01,44.3,2.4,1,405,16.3,345.33,3.13,50.0
6.304,0.0,12.92,1,0.597,5.95,21.9,7.84,5,602,16.4,225.33,24.01,40.09
7.202,25.0,17.13,0,0.803,4.55,86.6,6.88,1,705,18.7,194.52,20.13,21.92
5.888,95.0,14.23,0,0.505,4.88,36.1,5.64,24,581,17.4,170.99,7.55,50.0
3.086,0.0,25.85,0,0.386,7.7,5.5,9.2,2,512,14.6,323.22,22.85,50.0
4.06,12.5,23.5,0,0.568,8.09,73.2,2.01,6,571,16.5,290.48,36.78,38.46
4.565,95.0,5.43,0,0.749,5.83,93.9,8.39,2,425,16.5,166.75,13.06,50.0
7.123,0.0,18.43,0,0.704,5.67,57.9,8.34,8,267,20.0,46.9,25.19,36.02
2.073,95.0,20.13,0,0.567,6.7,4.3,4.17,8,229,15.0,291.19,11.41,50.0
5.916,95.0,2.25,0,0.676,4.91,27.0,2.79,24,275,22.0,279.15,37.15,30.12
5.418,60.0,21.82,0,0.39,6.3,99.4,12.01,1,612,20.3,207.43,34.02,34.52
6.735,0.0,12.08,1,0.807,5.74,12.1,9.73,3,464,13.6,0.78,33.88,33.73
7.424,0.0,9.74,0,0.652,5.2,68.5,3.93,8,676,19.1,233.94,26.98,17.49
2.6,0.0,1.4,0,0.477,5.63,75.1,6.98,7,274,16.5,233.96,23.53,46.43
4.989,25.0,16.99,1,0.585,7.03,11.9,4.11,6,698,21.3,71.9,14.43,45.64
2.187,0.0,4.18,1,0.494,5.11,63.0,2.54,3,633,21.2,193.02,29.11,27.54
2.761,25.0,23.46,0,0.587,4.66,62.5,9.55,6,450,14.0,110.44,20.91,42.49
7.442,0.0,3.66,0,0.697,5.49,41.7,4.18,2,559,20.7,40.75,24.03,25.24
6.06,40.0,22.26,0,0.457,8.48,48.1,1.16,4,686,14.4,183.7,34.2,40.23
4.836,12.5,4.47,0,0.503,4.52,74.4,7.54,8,622,15.3,173.51,21.41,37.17
6.411,40.0,1.01,1,0.728,8.08,33.9,4.75,24,225,22.0,120.98,20.19,50.0
2.843,80.0,23.66,0,0.635,4.74,74.0,7.0,3,373,20.7,297.34,1.86,50.0
3.441,40.0,23.96,1,0.735,5.7,53.3,5.22,24,316,20.3,53.93,6.31,50.0
3.268,0.0,26.74,1,0.563,3.9,10.3,3.28,3,640,19.5,392.22,8.96,36.73
4.52,25.0,25.8,1,0.614,5.49,39.2,9.03,24,611,14.1,193.51,9.75,50.0
6.619,95.0,13.26,0,0.802,7.25,85.2,3.85,3,257,20.0,279.6,25.22,50.0
4.802,60.0,22.13,0,0.602,7.54,84.8,9.73,8,578,14.7,114.37,5.21,50.0
3.67,0.0,25.86,0,0.386,8.62,66.4,10.03,7,442,18.8,317.51,5.87,50.0
7.171,0.0,6.16,0,0.599,6.6,88.5,5.32,7,387,18.1,104.38,3.75,50.0
5.228,95.0,5.89,0,0.682,4.15,16.3,7.7,7,195,15.1,73.64,19.75,50.0
4.825,0.0,20.76,0,0.587,4.75,3.2,5.33,6,605,21.1,125.41,2.28,46.89
1.296,0.0,4.28,0,0.462,6.44,62.2,8.76,1,706,19.6,205.99,15.19,45.59
5.74,0.0,12.93,0,0.672,4.67,96.0,9.1,1,430,19.8,164.32,2.09,50.0
6.088,95.0,8.23,0,0.483,7.96,15.2,2.3,4,357,16.3,313.66,27.3,50.0
8.125,12.5,23.83,0,0.76,4.16,59.6,8.87,24,236,20.0,92.45,34.0,17.57
1.498,80.0,15.89,1,0.541,7.66,52.2,10.05,3,300,17.6,220.73,36.55,50.0
3.35,80.0,8.04,0,0.673,7.37,69.9,3.63,2,343,21.6,141.62,26.59,46.64
5.698,0.0,4.04,0,0.432,4.16,53.7,6.15,1,495,13.8,97.04,6.2,49.23
2.317,95.0,2.98,0,0.641,6.86,18.3,5.77,1,447,13.2,136.56,33.02,50.0
0.004,95.0,24.48,0,0.385,5.52,11.5,1.49,2,650,18.0,332.96,29.04,42.69
6.369,0.0,4.71,0,0.417,7.11,95.6,3.03,24,273,20.3,123.73,3.77,50.0
6.659,60.0,2.72,0,0.78,3.98,47.6,2.64,8,340,12.4,294.89,14.49,42.91
4.069,95.0,0.69,0,0.718,8.24,36.4,3.77,4,551,12.3,378.93,27.28,50.0
2.635,0.0,1.46,0,0.565,4.4,25.9,11.1,6,256,20.1,376.11,4.72,50.0
6.778,60.0,12.46,0,0.804,8.47,83.8,10.51,3,480,21.8,189.62,4.45,50.0
4.664,60.0,11.7,0,0.496,4.05,79.9,3.59,24,550,16.8,79.62,23.39,35.64
4.972,0.0,19.47,0,0.77,5.29,40.4,8.84,8,549,12.4,283.14,16.93,39.19
3.444,60.0,10.29,0,0.49,5.08,64.0,12.33,6,703,19.2,288.27,36.17,29.53
6.462,0.0,2.08,0,0.754,8.37,4.1,3.46,1,277,15.8,138.14,23.2,50.0
4.375,60.0,20.59,0,0.797,7.63,5.2,12.14,2,345,15.9,358.64,18.51,50.0
4.686,60.0,3.04,1,0.697,7.11,68.0,11.44,5,380,19.3,267.46,13.79,50.0
6.297,95.0,22.95,1,0.764,4.62,15.9,1.04,24,677,12.8,11.86,9.41,45.62
2.809,25.0,13.67,0,0.423,5.26,16.0,12.08,8,297,18.9,231.01,17.2,50.0
7.207,25.0,10.31,0,0.554,8.59,96.2,1.57,1,616,19.2,138.95,18.41,49.06
2.381,25.0,4.15,1,0.717,6.77,21.9,8.24,1,205,17.7,373.25,10.66,50.0
1.993,25.0,19.66,0,0.597,4.55,21.4,1.07,5,295,16.9,311.31,1.47,50.0
4.746,40.0,25.02,0,0.704,4.2,27.0,2.07,7,370,21.9,216.7,34.58,23.83
3.334,80.0,10.49,0,0.427,5.04,97.8,8.06,6,454,17.5,219.77,17.49,49.12
0.424,60.0,17.2,0,0.393,8.39,76.8,11.95,3,613,18.5,387.22,17.06,50.0
3.305,60.0,8.19,0,0.733,7.98,100.0,5.32,8,544,15.8,131.33,2.77,50.0
6.93,0.0,18.02,0,0.501,8.72,96.6,7.67,3,544,16.7,6.2,22.46,50.0
7.886,0.0,0.72,0,0.688,7.62,12.5,3.74,3,510,18.8,55.95,10.11,50.0
7.53,95.0,21.05,0,0.788,4.39,76.7,2.41,24,216,19.8,73.69,32.68,29.55
4.188,0.0,23.46,0,0.475,8.65,49.9,11.23,24,410,20.1,90.1,34.35,47.71
6.148,60.0,17.71,1,0.768,6.76,70.2,11.02,2,197,15.3,335.22,33.6,46.78
4.265,40.0,26.91,0,0.856,7.6,36.1,9.13,1,626,17.9,392.27,5.31,50.0
3.424,60.0,13.21,0,0.5,7.66,92.7,4.65,6,603,17.0,241.43,23.18,49.88
4.68,60.0,5.36,1,0.491,7.38,23.4,12.08,4,680,19.6,75.67,32.88,46.53
5.017,0.0,9.31,1,0.755,7.22,97.6,11.63,5,244,18.9,122.32,1.78,50.0
5.39,12.5,4.56,1,0.568,7.28,10.4,8.28,7,214,21.3,321.63,24.21,50.0
1.369,0.0,4.82,0,0.471,4.99,75.4,6.08,4,653,14.5,17.96,9.06,50.0
4.17,12.5,8.26,0,0.549,7.17,72.1,10.26,24,326,16.1,25.95,28.4,50.0
3.369,0.0,1.18,0,0.505,6.49,88.8,9.63,6,499,13.2,327.37,12.97,50.0
0.977,25.0,12.71,0,0.411,4.29,40.8,7.14,3,594,16.0,187.9,27.87,38.6
1.518,95.0,24.48,0,0.49,4.77,14.2,7.29,6,665,17.1,395.08,4.85,50.0
3.382,95.0,14.8,0,0.816,7.76,27.9,1.79,1,312,14.8,376.26,30.84,50.0
2.86,0.0,12.17,1,0.481,7.26,5.3,11.8,24,648,14.2,320.84,31.88,49.86
6.865,0.0,14.44,0,0.601,4.47,16.9,9.49,24,187,15.1,2.68,9.48,50.0
7.221,12.5,7.98,0,0.701,5.81,50.0,3.93,3,668,14.0,274.03,16.06,35.57
7.527,12.5,25.5,1,0.698,8.24,17.8,6.6,24,285,17.6,144.38,34.23,46.4
5.398,95.0,14.94,0,0.837,4.24,41.0,1.73,1,424,14.4,123.4,34.81,25.7
3.527,60.0,0.86,1,0.532,8.77,48.3,5.76,5,701,12.7,134.35,2.12,50.0
5.953,95.0,2.51,0,0.598,6.97,61.0,7.21,4,239,19.8,354.34,36.73,47.95
2.621,95.0,3.1,1,0.66,5.05,33.0,10.52,7,708,19.3,96.44,36.76,29.96
